design_name,total_input_bits,total_output_bits,total_register_bits,total_logic_operator_bits,total_adder_sub_bits,total_multiplier_bits,total_comparator_bits,total_multiplexer_bits,total_shift_bits,total_division_bits,average_tree_depth,average_wire_width,ast_total_memory_read_addr_bits,ast_total_memory_read_addr_width,ast_total_memory_write_addr_bits,ast_total_memory_write_addr_width
flopoco_00000_ieeefpfma,1.215147,0.08014261,1.0954028,-0.066754855,0.16768698,1.0430659,-0.35859373,0.5143329,0.0,0.0,2.4167728,-0.04053624,0.0,0.0,0.0,0.0
flopoco_00001_fpconstdiv,-0.6822384,0.18216088,-0.3503103,-0.29871646,-0.3567025,-0.28429118,-0.09024792,0.013735122,0.0,0.0,1.010315,0.061209567,0.0,0.0,0.0,0.0
flopoco_00002_fpsqrt,-1.084714,-0.53196704,-0.1476805,-0.3540789,-0.12863961,-0.28429118,-0.35946217,-0.39573288,0.0,0.0,-0.2283182,-0.03728732,0.0,0.0,0.0,0.0
flopoco_00003_fpcomparator,2.1350915,-1.3991225,-0.3503103,-0.3099291,-0.54597914,-0.28429118,-0.3514602,-0.47577927,0.0,0.0,-0.50766605,-0.9031873,0.0,0.0,0.0,0.0
flopoco_00004_fpcomparator,1.1001539,-1.3991225,-0.3503103,-0.3099291,-0.54597914,-0.28429118,-0.35369328,-0.47577927,0.0,0.0,-0.50766605,-0.9464795,0.0,0.0,0.0,0.0
flopoco_00005_fpsqrt,0.23770604,1.8144535,1.4244967,-0.3253465,4.657578,-0.28429118,-0.35946217,0.5635922,0.0,0.0,1.06504,2.333817,0.0,0.0,0.0,0.0
flopoco_00006_fpadd,0.75517476,0.590234,-0.21809795,-0.18799159,-0.25275546,-0.28429118,-0.34072882,-0.12726966,0.0,0.0,0.62869614,-0.19771041,0.0,0.0,0.0,0.0
flopoco_00007_fpconstmult,0.23770604,1.8144535,-0.3503103,-0.3624884,0.2685311,-0.28429118,-0.3595242,-0.44560796,0.0,0.0,-1.0163276,3.3399146,0.0,0.0,0.0,0.0
flopoco_00008_ieeefpadd,0.18020952,0.08014261,0.5809244,-0.18448763,-0.3055047,-0.28429118,-0.3527008,-0.14512615,0.0,0.0,0.9898287,-0.28341845,0.0,0.0,0.0,0.0
flopoco_00009_fpconstmult,-1.1422106,-0.63398534,-0.3503103,-0.3624884,-0.5273618,-0.28429118,-0.3595242,-0.47824225,0.0,0.0,-1.0943348,-0.8472998,0.0,0.0,0.0,0.0
flopoco_00010_fpsqrt,-0.45225227,0.590234,0.9085811,-0.3400631,0.49504253,-0.28429118,-0.35946217,-0.11495483,0.0,0.0,1.8460159,0.62629664,0.0,0.0,0.0,0.0
flopoco_00011_fpadd,-0.5097488,-0.53196704,-0.093071066,-0.26297614,-0.3923858,-0.28429118,-0.3422796,-0.34585783,0.0,0.0,0.8415629,-0.58519363,0.0,0.0,0.0,0.0
flopoco_00012_fpdiv,0.29520255,0.18216088,0.33661902,-0.26297614,1.8416996,-0.28429118,0.15192084,0.28527707,0.0,0.0,0.3441206,0.038493723,0.0,0.0,0.0,0.0
flopoco_00013_fpmult,2.1350915,1.8144535,-0.3503103,5.622261,0.020299407,6.5184145,3.052115,2.1201863,0.0,0.0,-0.05659389,-0.70497704,0.0,0.0,0.0,0.0
flopoco_00014_fpsqrt,0.23770604,1.8144535,2.3787248,-0.3253465,2.0356307,-0.28429118,-0.35946217,0.46692076,0.0,0.0,2.8979917,1.7086759,0.0,0.0,0.0,0.0
flopoco_00015_ieeefpfma,1.215147,0.08014261,-0.10887907,-0.066754855,0.16768698,1.0430659,-0.35859373,0.5143329,0.0,0.0,1.9644066,-0.079674736,0.0,0.0,0.0,0.0
flopoco_00016_fpconstmult,-1.084714,-0.53196704,-0.3503103,-0.3610868,-0.38152567,-0.28429118,-0.3595242,-0.47085333,0.0,0.0,-0.868634,-0.12742053,0.0,0.0,0.0,0.0
flopoco_00017_ieeefpadd,2.0200984,1.7124351,2.5123742,-0.0702588,-0.092956305,-0.28429118,-0.34916502,0.24894832,0.0,0.0,1.554214,0.5205175,0.0,0.0,0.0,0.0
flopoco_00018_fpadd,0.29520255,0.18216088,-0.1476805,-0.31343305,-0.3179163,-0.28429118,-0.35766327,-0.3095291,0.0,0.0,-0.18425094,-0.19439979,0.0,0.0,0.0,0.0
flopoco_00019_fpmult,0.75517476,0.590234,-0.09881943,2.9319272,-0.19845478,1.9832773,1.7442548,1.1719446,0.0,0.0,-0.20035422,-0.66693103,0.0,0.0,0.0,0.0
flopoco_00020_fpdiv,1.1001539,0.8962888,0.16704233,-0.19359791,2.046491,-0.28429118,5.3624573,5.887292,0.0,0.0,0.5545389,0.089855745,0.0,0.0,0.0,0.0
flopoco_00021_fpadd,-0.62474185,-0.63398534,-0.3503103,-0.27559036,-0.33963656,-0.28429118,-0.35741514,-0.37171897,0.0,0.0,0.7861168,-0.59586424,0.0,0.0,0.0,0.0
flopoco_00022_fpadd,-0.5097488,-0.53196704,-0.18791905,-0.26297614,-0.3954887,-0.28429118,-0.3422796,-0.34585783,0.0,0.0,0.7382174,-0.6038415,0.0,0.0,0.0,0.0
flopoco_00023_fpadd,-0.62474185,-0.63398534,-0.25977358,-0.2748896,-0.33653367,-0.28429118,-0.35741514,-0.37171897,0.0,0.0,0.23964584,-0.5819353,0.0,0.0,0.0,0.0
flopoco_00024_fpadd,0.29520255,0.18216088,0.10812162,-0.24125165,-0.3024018,-0.28429118,-0.3412871,-0.23625588,0.0,0.0,0.8888716,-0.3280344,0.0,0.0,0.0,0.0
flopoco_00025_fpcomparator,-0.62474185,-1.3991225,-0.3503103,-0.3099291,-0.54597914,-0.28429118,-0.35741514,-0.47577927,0.0,0.0,-0.50766605,-1.0186332,0.0,0.0,0.0,0.0
flopoco_00026_fpdiv,-0.5097488,-0.53196704,-0.055706713,-0.2945117,-0.094507754,-0.28429118,1.9301615,2.0672326,0.0,0.0,-0.38932008,0.049366154,0.0,0.0,0.0,0.0
flopoco_00027_fpconstdiv,-0.6822384,0.18216088,-0.3503103,-0.31413385,-0.35825396,-0.28429118,-0.3072321,-0.31199208,0.0,0.0,0.67522323,-0.26178944,0.0,0.0,0.0,0.0
flopoco_00028_fpconstdiv,-0.27976272,0.8962888,-0.3503103,-0.28960618,-0.2760272,-0.28429118,-0.064753205,0.07530926,0.0,0.0,0.8645199,0.15369597,0.0,0.0,0.0,0.0
flopoco_00029_fpconstmult,-0.6822384,0.18216088,-0.2568994,-0.3610868,-0.12088238,-0.28429118,-0.3595242,-0.46346444,0.0,0.0,-0.7407022,0.87940294,0.0,0.0,0.0,0.0
flopoco_00030_fpmult,-0.62474185,-0.63398534,-0.3503103,0.5317201,-0.41720897,-0.28429118,0.29384762,0.18183252,0.0,0.0,-0.3287301,-0.6194492,0.0,0.0,0.0,0.0
flopoco_00031_fpsqrt,0.23770604,1.8144535,1.1068996,-0.3253465,4.657578,-0.28429118,-0.35946217,0.5635922,0.0,0.0,0.6126224,2.371146,0.0,0.0,0.0,0.0
flopoco_00032_fpsqrt,-1.084714,-0.53196704,-0.27989286,-0.3540789,-0.12863961,-0.28429118,-0.35946217,-0.39573288,0.0,0.0,-0.45467585,0.033022944,0.0,0.0,0.0,0.0
flopoco_00033_ieeefpadd,2.0200984,1.7124351,2.0754986,-0.0702588,-0.0960592,-0.28429118,-0.34916502,0.24894832,0.0,0.0,1.210139,0.56586415,0.0,0.0,0.0,0.0
flopoco_00034_fpsqrt,-0.45225227,0.590234,0.050637994,-0.3400631,1.5531301,-0.28429118,-0.35946217,-0.057075135,0.0,0.0,-0.10819813,1.2295825,0.0,0.0,0.0,0.0
flopoco_00035_fpconstmult,0.23770604,1.8144535,-0.3503103,-0.3624884,0.054431267,-0.28429118,-0.3595242,-0.44560796,0.0,0.0,-1.0042844,2.631051,0.0,0.0,0.0,0.0
flopoco_00036_fpadd,-0.62474185,-0.63398534,-0.3503103,-0.27068484,-0.33032787,-0.28429118,-0.35741514,-0.35324675,0.0,0.0,0.30231088,-0.5257575,0.0,0.0,0.0,0.0
flopoco_00037_fpconstdiv,0.23770604,1.8144535,-0.3503103,-0.36388996,0.63001853,-0.28429118,-0.3598964,-0.44683942,0.0,0.0,-0.63641894,5.927809,0.0,0.0,0.0,0.0
flopoco_00038_fpconstmult,-0.6822384,0.23317003,-0.25402522,-0.36388996,-0.17208016,-0.28429118,-0.3595242,-0.46346444,0.0,0.0,-0.9882902,1.0677027,0.0,0.0,0.0,0.0
flopoco_00039_fpconstmult,-0.45225227,0.7942706,-0.3503103,-0.3624884,-0.2760272,-0.28429118,-0.3595242,-0.45607555,0.0,0.0,-1.0151039,0.9010893,0.0,0.0,0.0,0.0
flopoco_00040_ieeefpfma,-0.16476965,-0.73600364,0.16991651,-0.18588921,-0.13019106,0.32408085,-0.35865575,-0.012741758,0.0,0.0,1.3463285,-0.39544323,0.0,0.0,0.0,0.0
flopoco_00041_ieeefpfma,1.215147,0.08014261,0.52918917,-0.066754855,0.16768698,1.0430659,-0.35859373,0.5143329,0.0,0.0,2.1624057,-0.049110677,0.0,0.0,0.0,0.0
flopoco_00042_fpadd,-0.5097488,-0.53196704,-0.27701867,-0.26227537,-0.3954887,-0.28429118,-0.3422796,-0.34585783,0.0,0.0,0.27205634,-0.61832255,0.0,0.0,0.0,0.0
flopoco_00043_fpcomparator,1.1001539,-1.3481133,-0.3503103,-0.3099291,-0.54597914,-0.28429118,-0.35369328,-0.47577927,0.0,0.0,-0.5122643,-0.94607145,0.0,0.0,0.0,0.0
flopoco_00044_ieeefpadd,-0.7397349,-0.73600364,0.15123434,-0.24265324,-0.41255462,-0.28429118,-0.35524407,-0.3199967,0.0,0.0,1.0191658,-0.66882,0.0,0.0,0.0,0.0
flopoco_00045_fpconstdiv,-1.084714,-0.53196704,-0.3503103,-0.34286624,-0.5180531,-0.28429118,-0.2873202,-0.3483208,0.0,0.0,-0.4857323,-0.13487534,0.0,0.0,0.0,0.0
flopoco_00046_ieeefpadd,2.0200984,1.7124351,1.4359933,-0.0702588,-0.08985341,-0.28429118,-0.34916502,0.24894832,0.0,0.0,0.9434439,0.46616632,0.0,0.0,0.0,0.0
flopoco_00047_fpdiv,-0.62474185,-0.63398534,-0.12324997,-0.30572435,0.27318546,-0.28429118,-0.07461613,-0.05276495,0.0,0.0,-0.025253972,-0.10122543,0.0,0.0,0.0,0.0
flopoco_00048_fpsqrt,0.23770604,1.8144535,1.3799468,-0.3253465,2.0356307,-0.28429118,-0.35946217,0.46692076,0.0,0.0,1.3849251,1.807885,0.0,0.0,0.0,0.0
flopoco_00049_fpconstdiv,-0.27976272,0.8962888,-0.3503103,-0.27839354,-0.22017506,-0.28429118,-0.2746659,-0.20362158,0.0,0.0,0.90588194,-0.31023198,0.0,0.0,0.0,0.0
flopoco_00050_fpconstdiv,-1.084714,-0.53196704,-0.31438303,-0.34426782,-0.51960456,-0.28429118,-0.34079087,-0.42036256,0.0,0.0,-0.43540066,-0.52139044,0.0,0.0,0.0,0.0
flopoco_00051_ieeefpfma,3.9749804,1.7124351,8.722043,0.1757186,0.71379673,2.646956,-0.3585317,1.6965563,0.0,0.0,5.61066,0.71611476,0.0,0.0,0.0,0.0
flopoco_00052_fpconstmult,-0.6822384,0.4372066,-0.3503103,-0.36388996,-0.085199066,-0.28429118,-0.3595242,-0.4610015,0.0,0.0,-1.0215281,1.5058584,0.0,0.0,0.0,0.0
flopoco_00053_ieeefpadd,-0.7397349,-0.73600364,0.12967798,-0.24265324,-0.40324593,-0.28429118,-0.3539414,-0.3273856,0.0,0.0,1.0281912,-0.6716243,0.0,0.0,0.0,0.0
flopoco_00054_fpcomparator,-0.62474185,-1.2460951,-0.3503103,-0.30572435,-0.54597914,-0.28429118,-0.35741514,-0.47577927,0.0,0.0,-0.46682745,-1.0207661,0.0,0.0,0.0,0.0
flopoco_00055_fpmult,0.75517476,0.590234,-0.3503103,2.681044,-0.2605127,0.8494931,1.7440068,1.075889,0.0,0.0,-0.33499688,-0.6447575,0.0,0.0,0.0,0.0
flopoco_00056_fpadd,-0.5097488,-0.53196704,-0.093071066,-0.26227537,-0.3923858,-0.28429118,-0.3422796,-0.34585783,0.0,0.0,0.53660744,-0.5867502,0.0,0.0,0.0,0.0
flopoco_00057_ieeefpfma,3.9749804,1.7124351,2.0252004,0.1757186,0.71379673,2.646956,-0.3585317,1.6965563,0.0,0.0,4.426065,0.43851772,0.0,0.0,0.0,0.0
flopoco_00058_fpdiv,0.75517476,0.590234,3.0239787,-0.25456667,1.4988295,-0.28429118,-0.17560248,-0.08047331,0.0,0.0,2.1305904,-0.12091633,0.0,0.0,0.0,0.0
flopoco_00059_fpconstdiv,-1.1422106,-0.63398534,-0.2870783,-0.32814965,-0.46530387,-0.28429118,-0.21269698,-0.21101049,0.0,0.0,0.80713904,-0.049318697,0.0,0.0,0.0,0.0
flopoco_00060_ieeefpadd,-0.7397349,-0.73600364,-0.14049506,-0.24265324,-0.41565752,-0.28429118,-0.35524407,-0.3199967,0.0,0.0,0.6303401,-0.69573665,0.0,0.0,0.0,0.0
flopoco_00061_fpmult,2.1350915,1.8144535,-0.3503103,5.622261,0.020299407,6.5184145,3.052115,2.1201863,0.0,0.0,-0.05659389,-0.70497704,0.0,0.0,0.0,0.0
flopoco_00062_fpcomparator,2.1350915,-1.2460951,-0.3503103,-0.30572435,-0.54597914,-0.28429118,-0.3514602,-0.47577927,0.0,0.0,-0.46682745,-0.9111705,0.0,0.0,0.0,0.0
flopoco_00063_fpsqrt,-0.6822384,0.18216088,0.18285033,-0.34566942,0.7339656,-0.28429118,-0.35946217,-0.22209382,0.0,0.0,0.37604406,0.66283184,0.0,0.0,0.0,0.0
flopoco_00064_ieeefpadd,-0.7397349,-0.73600364,-0.22815758,-0.24265324,-0.41565752,-0.28429118,-0.35524407,-0.3199967,0.0,0.0,0.48557064,-0.70161045,0.0,0.0,0.0,0.0
flopoco_00065_fpconstmult,-0.6822384,0.28417918,-0.3503103,-0.3624884,-0.2667185,-0.28429118,-0.3595242,-0.46223298,0.0,0.0,-0.9365869,0.75337297,0.0,0.0,0.0,0.0
flopoco_00066_fpcomparator,0.75517476,-1.4501315,-0.3503103,-0.3533781,-0.54597914,-0.28429118,-0.35685688,-0.476395,0.0,0.0,-0.82776827,-0.9055556,0.0,0.0,0.0,0.0
flopoco_00067_fpadd,0.75517476,0.590234,0.014710728,-0.1361331,-0.038655624,-0.28429118,-0.35729107,-0.093403876,0.0,0.0,0.54920906,0.28550607,0.0,0.0,0.0,0.0
flopoco_00068_fpcomparator,1.1001539,-1.4501315,-0.3503103,-0.3400631,-0.54597914,-0.28429118,-0.35369328,-0.47577927,0.0,0.0,-0.67709637,-0.85754323,0.0,0.0,0.0,0.0
flopoco_00069_fpadd,0.29520255,0.18216088,0.10812162,-0.24055086,-0.3024018,-0.28429118,-0.3412871,-0.23625588,0.0,0.0,0.59189594,-0.33032057,0.0,0.0,0.0,0.0
flopoco_00070_fpmult,2.1350915,1.8144535,-0.3503103,4.590698,-0.11002224,4.250846,2.5023348,1.3012503,0.0,0.0,0.07641005,-0.7061418,0.0,0.0,0.0,0.0
flopoco_00071_fpconstmult,-0.45225227,0.8452797,-0.3503103,-0.36388996,-0.5149502,-0.28429118,-0.3595242,-0.47824225,0.0,0.0,-1.1744221,-0.6805631,0.0,0.0,0.0,0.0
flopoco_00072_fpsqrt,0.23770604,1.8144535,0.44871208,-0.3253465,4.657578,-0.28429118,-0.35946217,0.5635922,0.0,0.0,0.047673583,2.5206358,0.0,0.0,0.0,0.0
flopoco_00073_fpadd,-0.62474185,-0.63398534,-0.2109125,-0.32814965,-0.42186332,-0.28429118,-0.35766327,-0.39634863,0.0,0.0,-0.1888014,-0.58295447,0.0,0.0,0.0,0.0
flopoco_00074_fpsqrt,-0.6822384,0.18216088,0.37398335,-0.34566942,0.09166602,-0.28429118,-0.35946217,-0.26519573,0.0,0.0,1.2147579,0.27097657,0.0,0.0,0.0,0.0
flopoco_00075_fpmult,0.75517476,0.590234,-0.1333096,2.5920436,-0.19224899,1.9832773,1.5934576,1.075889,0.0,0.0,-0.39904693,-0.6546097,0.0,0.0,0.0,0.0
flopoco_00076_ieeefpfma,-0.16476965,-0.73600364,-0.17929651,-0.19009395,-0.086750515,0.15816121,-0.35865575,-0.16298266,0.0,0.0,1.2268481,-0.56361294,0.0,0.0,0.0,0.0
flopoco_00077_fpcomparator,0.75517476,-1.3991225,-0.3503103,-0.3099291,-0.54597914,-0.28429118,-0.35443765,-0.47577927,0.0,0.0,-0.50766605,-0.96091026,0.0,0.0,0.0,0.0
flopoco_00078_fpmult,-0.5097488,-0.53196704,-0.3503103,0.5317201,-0.41255462,-0.28429118,0.30532333,0.13442042,0.0,0.0,-0.39495492,-0.6171138,0.0,0.0,0.0,0.0
flopoco_00079_fpconstmult,-0.6822384,0.38619745,-0.26552194,-0.3610868,-0.2729243,-0.28429118,-0.3595242,-0.4610015,0.0,0.0,-0.6938979,0.4244555,0.0,0.0,0.0,0.0
flopoco_00080_fpsqrt,-1.1422106,-0.63398534,-0.31150883,-0.35688207,-0.41720897,-0.28429118,-0.35946217,-0.44745517,0.0,0.0,-0.5329568,-0.42674938,0.0,0.0,0.0,0.0
flopoco_00081_fpmult,-0.5097488,-0.53196704,-0.3503103,0.5317201,-0.40634882,-0.28429118,0.30532333,0.13442042,0.0,0.0,-0.43841165,-0.6168942,0.0,0.0,0.0,0.0
flopoco_00082_fpdiv,2.1350915,1.8144535,3.1446943,-0.12632203,4.5474253,-0.28429118,7.6506543,8.434614,0.0,0.0,0.9491853,0.10502615,0.0,0.0,0.0,0.0
flopoco_00083_fpdiv,-0.62474185,-0.63398534,-0.25546232,-0.31133068,-0.26516706,-0.28429118,1.3581122,1.430556,0.0,0.0,0.7768707,0.045476004,0.0,0.0,0.0,0.0
flopoco_00084_fpcomparator,-0.5097488,-1.3991225,-0.3503103,-0.3099291,-0.54597914,-0.28429118,-0.35716704,-0.47577927,0.0,0.0,-0.50766605,-1.0138229,0.0,0.0,0.0,0.0
flopoco_00085_fpconstdiv,-0.27976272,0.8962888,-0.3503103,-0.3106299,-0.50719297,-0.28429118,-0.30803853,-0.316918,0.0,0.0,-0.46005994,-0.46318713,0.0,0.0,0.0,0.0
flopoco_00086_fpmult,-0.62474185,-0.63398534,-0.3503103,-0.05273905,-0.41876042,-0.28429118,-0.12300025,-0.20731603,0.0,0.0,-0.5793201,-0.5974165,0.0,0.0,0.0,0.0
flopoco_00087_ieeefpfma,3.9749804,1.7124351,4.472566,0.1757186,0.71379673,2.646956,-0.3585317,1.6965563,0.0,0.0,4.786719,0.5535597,0.0,0.0,0.0,0.0
flopoco_00088_fpsqrt,-1.084714,-0.53196704,-0.3014492,-0.3540789,-0.33343077,-0.28429118,-0.35946217,-0.4166681,0.0,0.0,-0.25705767,-0.23746854,0.0,0.0,0.0,0.0
flopoco_00089_fpmult,-0.5097488,-0.53196704,-0.25546232,0.5506414,-0.40014306,-0.28429118,0.41443574,0.32714748,0.0,0.0,-0.43782362,-0.5673059,0.0,0.0,0.0,0.0
flopoco_00090_fpconstmult,-1.1422106,-0.63398534,-0.3503103,-0.3624884,-0.4342749,-0.28429118,-0.3595242,-0.4733163,0.0,0.0,-0.96371096,-0.3191766,0.0,0.0,0.0,0.0
flopoco_00091_fpmult,-0.62474185,-0.63398534,-0.3503103,0.3943652,-0.42031187,-0.28429118,0.18268819,0.018045312,0.0,0.0,-0.44130966,-0.62695926,0.0,0.0,0.0,0.0
flopoco_00092_fpmult,1.1001539,0.8962888,-0.3503103,2.0874746,-0.22327796,1.9832773,1.1379025,0.55743474,0.0,0.0,-0.120552294,-0.6839945,0.0,0.0,0.0,0.0
flopoco_00093_ieeefpfma,-0.16476965,-0.73600364,-0.18217069,-0.18588921,-0.13019106,0.32408085,-0.35865575,-0.012741758,0.0,0.0,1.0820837,-0.43378767,0.0,0.0,0.0,0.0
flopoco_00094_fpmult,-0.5097488,-0.53196704,-0.3503103,0.5317201,-0.41255462,-0.28429118,0.30532333,0.13442042,0.0,0.0,-0.39495492,-0.6171138,0.0,0.0,0.0,0.0
flopoco_00095_ieeefpadd,0.18020952,0.08014261,0.71169966,-0.18448763,-0.2992989,-0.28429118,-0.3527008,-0.14512615,0.0,0.0,1.2477926,-0.30258012,0.0,0.0,0.0,0.0
flopoco_00096_fpconstdiv,-0.6822384,0.18216088,-0.22240922,-0.36388996,-0.1379483,-0.28429118,-0.3598964,-0.46469593,0.0,0.0,-0.61447245,1.4661103,0.0,0.0,0.0,0.0
flopoco_00097_ieeefpadd,-0.7397349,-0.73600364,-0.21666086,-0.24265324,-0.40634882,-0.28429118,-0.3539414,-0.3273856,0.0,0.0,0.42989057,-0.686723,0.0,0.0,0.0,0.0
flopoco_00098_fpconstmult,-0.6822384,0.18216088,-0.24396558,-0.3610868,-0.052618656,-0.28429118,-0.3595242,-0.46346444,0.0,0.0,-0.73758197,1.0176656,0.0,0.0,0.0,0.0
flopoco_00099_fpsqrt,-0.27976272,0.8962888,0.5406859,-0.33725992,2.043388,-0.28429118,-0.35946217,0.040212,0.0,0.0,0.24655344,1.3944576,0.0,0.0,0.0,0.0
flopoco_00100_fpconstdiv,-1.1422106,-0.63398534,-0.3503103,-0.347071,-0.5118473,-0.28429118,-0.27801555,-0.336006,0.0,0.0,-0.48658392,-0.12846452,0.0,0.0,0.0,0.0
flopoco_00101_fpdiv,0.75517476,0.590234,3.998326,-0.25456667,1.4988295,-0.28429118,-0.17560248,-0.08047331,0.0,0.0,3.1280239,-0.14518872,0.0,0.0,0.0,0.0
flopoco_00102_fpcomparator,0.75517476,-1.4501315,-0.3503103,-0.3533781,-0.54597914,-0.28429118,-0.35685688,-0.476395,0.0,0.0,-0.82776827,-0.9055556,0.0,0.0,0.0,0.0
flopoco_00103_fpmult,0.29520255,0.18216088,-0.24396558,0.34811303,-0.31326196,0.8494931,0.08529962,-0.14697337,0.0,0.0,-0.5421111,-0.6623231,0.0,0.0,0.0,0.0
flopoco_00104_fpconstdiv,-0.6822384,0.18216088,-0.26264775,-0.31483462,-0.3954887,-0.28429118,-0.16970955,-0.11926501,0.0,0.0,0.6023062,0.002419005,0.0,0.0,0.0,0.0
flopoco_00105_fpcomparator,1.1001539,-1.3991225,-0.3503103,-0.33025202,-0.54597914,-0.28429118,-0.35369328,-0.47577927,0.0,0.0,-0.59461606,-0.8977666,0.0,0.0,0.0,0.0
flopoco_00106_ieeefpfma,-0.16476965,-0.73600364,0.001776913,-0.18588921,-0.13019106,0.32408085,-0.35865575,-0.012741758,0.0,0.0,1.1952192,-0.41565347,0.0,0.0,0.0,0.0
flopoco_00107_fpconstmult,-1.1422106,-0.63398534,-0.3503103,-0.3624884,-0.5273618,-0.28429118,-0.3595242,-0.47824225,0.0,0.0,-1.0943348,-0.8472998,0.0,0.0,0.0,0.0
flopoco_00108_fpadd,0.75517476,0.590234,-0.044209987,-0.290307,-0.26826996,-0.28429118,-0.35766327,-0.24302903,0.0,0.0,0.03416918,0.06516916,0.0,0.0,0.0,0.0
flopoco_00109_fpmult,0.75517476,0.590234,-0.3503103,2.9319272,-0.19845478,1.9832773,1.7442548,1.1719446,0.0,0.0,-0.19926333,-0.66843295,0.0,0.0,0.0,0.0
flopoco_00110_fpconstmult,-0.45225227,0.590234,-0.3503103,-0.3624884,-0.21396926,-0.28429118,-0.3595242,-0.4585385,0.0,0.0,-0.8880491,1.109078,0.0,0.0,0.0,0.0
flopoco_00111_fpdiv,0.29520255,0.18216088,1.4374304,-0.2797951,0.70448804,-0.28429118,-0.21852788,-0.17406599,0.0,0.0,1.1871154,-0.22391197,0.0,0.0,0.0,0.0
flopoco_00112_fpconstdiv,-0.45225227,0.590234,-0.3503103,-0.32184252,-0.3598054,-0.28429118,-0.19687909,-0.16421413,0.0,0.0,-0.16640896,-0.013705386,0.0,0.0,0.0,0.0
flopoco_00113_fpsqrt,-0.6822384,0.18216088,0.093750715,-0.34566942,0.09166602,-0.28429118,-0.35946217,-0.26519573,0.0,0.0,0.40217394,0.33409518,0.0,0.0,0.0,0.0
flopoco_00114_fpconstmult,-0.27976272,0.8962888,-0.3503103,-0.3610868,0.037365336,-0.28429118,-0.3595242,-0.45607555,0.0,0.0,-0.9692972,1.8045557,0.0,0.0,0.0,0.0
flopoco_00115_fpdiv,-0.5097488,-0.53196704,-0.18648195,-0.2945117,-0.094507754,-0.28429118,1.9301615,2.0672326,0.0,0.0,0.36336267,0.053002678,0.0,0.0,0.0,0.0
flopoco_00116_fpadd,1.1001539,0.8962888,0.22740014,-0.18518843,-0.20310913,-0.28429118,-0.34023258,-0.086630724,0.0,0.0,0.87599665,-0.07138534,0.0,0.0,0.0,0.0
flopoco_00117_ieeefpadd,0.18020952,0.08014261,-0.14336924,-0.18448763,-0.3055047,-0.28429118,-0.3527008,-0.14512615,0.0,0.0,0.46740505,-0.335452,0.0,0.0,0.0,0.0
flopoco_00118_fpconstmult,-0.6822384,0.23317003,-0.24827686,-0.36388996,-0.1860432,-0.28429118,-0.3595242,-0.46346444,0.0,0.0,-0.96692306,0.9352569,0.0,0.0,0.0,0.0
flopoco_00119_fpconstmult,-0.45225227,0.7432614,-0.3503103,-0.36388996,-0.28068152,-0.28429118,-0.3595242,-0.45730704,0.0,0.0,-1.0288087,1.093516,0.0,0.0,0.0,0.0
flopoco_00120_ieeefpfma,-0.16476965,-0.73600364,0.3538641,-0.18588921,-0.13019106,0.32408085,-0.35865575,-0.012741758,0.0,0.0,1.4773021,-0.41025212,0.0,0.0,0.0,0.0
flopoco_00121_fpconstmult,0.23770604,1.8144535,-0.20085287,-0.3610868,0.13820946,-0.28429118,-0.3595242,-0.44560796,0.0,0.0,-0.82193726,2.0631583,0.0,0.0,0.0,0.0
flopoco_00122_fpconstdiv,0.23770604,1.8144535,-0.10600489,-0.23564532,-0.083647616,-0.28429118,0.1572555,0.4749254,0.0,0.0,1.0779172,0.16250816,0.0,0.0,0.0,0.0
flopoco_00123_fpconstdiv,-0.45225227,0.590234,-0.23965432,-0.29240933,-0.30705616,-0.28429118,-0.06847506,0.062994435,0.0,0.0,0.89032054,0.16076905,0.0,0.0,0.0,0.0
flopoco_00124_fpsqrt,-1.084714,-0.53196704,-0.3503103,-0.3540789,-0.12863961,-0.28429118,-0.35946217,-0.39573288,0.0,0.0,-0.3896699,0.085573964,0.0,0.0,0.0,0.0
flopoco_00125_fpcomparator,0.29520255,-1.4501315,-0.3503103,-0.3400631,-0.54597914,-0.28429118,-0.35543016,-0.47577927,0.0,0.0,-0.67709637,-0.9174278,0.0,0.0,0.0,0.0
flopoco_00126_ieeefpfma,-0.16476965,-0.73600364,-0.3503103,-0.19009395,-0.086750515,0.15816121,-0.35865575,-0.16298266,0.0,0.0,1.1131808,-0.55905795,0.0,0.0,0.0,0.0
flopoco_00127_fpmult,-0.5097488,-0.53196704,-0.3503103,0.5506414,-0.40014306,-0.28429118,0.41443574,0.32714748,0.0,0.0,-0.4372381,-0.56843287,0.0,0.0,0.0,0.0
flopoco_00128_fpconstmult,-1.1422106,-0.42994878,-0.3503103,-0.3624884,-0.38462856,-0.28429118,-0.3595242,-0.46900612,0.0,0.0,-0.8880491,-0.020285564,0.0,0.0,0.0,0.0
flopoco_00129_ieeefpfma,-0.16476965,-0.73600364,-0.3503103,-0.19009395,-0.086750515,0.15816121,-0.35865575,-0.16298266,0.0,0.0,1.1131808,-0.55905795,0.0,0.0,0.0,0.0
flopoco_00130_fpconstmult,-0.45225227,0.590234,-0.3503103,-0.3610868,0.05908561,-0.28429118,-0.3595242,-0.4585385,0.0,0.0,-0.96692306,1.7507699,0.0,0.0,0.0,0.0
flopoco_00131_fpsqrt,0.23770604,1.8144535,3.3228934,-0.3253465,2.0356307,-0.28429118,-0.35946217,0.46692076,0.0,0.0,3.9955382,1.6184174,0.0,0.0,0.0,0.0
flopoco_00132_fpadd,-0.5097488,-0.53196704,-0.3503103,-0.33025202,-0.40790027,-0.28429118,-0.35766327,-0.38957548,0.0,0.0,0.51985437,-0.55861217,0.0,0.0,0.0,0.0
flopoco_00133_fpadd,0.75517476,0.590234,-0.094508156,-0.1354323,-0.04175852,-0.28429118,-0.35729107,-0.093403876,0.0,0.0,0.467323,0.26996756,0.0,0.0,0.0,0.0
flopoco_00134_fpconstmult,-0.45225227,0.8452797,-0.3503103,-0.36388996,-0.061927345,-0.28429118,-0.3595242,-0.45607555,0.0,0.0,-0.98512477,1.9983406,0.0,0.0,0.0,0.0
flopoco_00135_fpdiv,0.75517476,0.590234,1.5638944,-0.25456667,1.4988295,-0.28429118,-0.17560248,-0.08047331,0.0,0.0,0.8707033,-0.09120056,0.0,0.0,0.0,0.0
flopoco_00136_fpdiv,0.29520255,0.18216088,0.21159214,-0.2797951,0.70448804,-0.28429118,-0.21852788,-0.17406599,0.0,0.0,-0.09846159,-0.17314565,0.0,0.0,0.0,0.0
flopoco_00137_fpcomparator,-0.62474185,-1.4501315,-0.3503103,-0.3533781,-0.54597914,-0.28429118,-0.3583456,-0.476395,0.0,0.0,-0.82776827,-0.9883114,0.0,0.0,0.0,0.0
flopoco_00138_fpconstmult,-0.27976272,0.8962888,-0.3503103,-0.3610868,0.121143535,-0.28429118,-0.3595242,-0.45607555,0.0,0.0,-0.98512477,2.0481393,0.0,0.0,0.0,0.0
flopoco_00139_ieeefpfma,1.215147,0.08014261,0.21590342,-0.066754855,0.16768698,1.0430659,-0.35859373,0.5143329,0.0,0.0,2.0549595,-0.08160777,0.0,0.0,0.0,0.0
flopoco_00140_fpdiv,-0.5097488,-0.53196704,-0.24827686,-0.30502358,0.32438326,-0.28429118,-0.07461613,-0.052149206,0.0,0.0,-0.27716097,-0.0855311,0.0,0.0,0.0,0.0
flopoco_00141_fpsqrt,-0.6822384,0.18216088,-0.19941577,-0.34566942,0.09166602,-0.28429118,-0.35946217,-0.26519573,0.0,0.0,-0.2210544,0.39655635,0.0,0.0,0.0,0.0
flopoco_00142_fpdiv,-0.62474185,-0.63398534,-0.14049506,-0.31623623,0.03426244,-0.28429118,-0.13125037,-0.13712151,0.0,0.0,-0.13585913,-0.14069916,0.0,0.0,0.0,0.0
flopoco_00143_fpdiv,0.29520255,0.18216088,0.7188851,-0.24405481,0.75258297,-0.28429118,3.6463094,3.9772623,0.0,0.0,0.03223447,0.06526576,0.0,0.0,0.0,0.0
flopoco_00144_ieeefpfma,1.215147,0.08014261,0.8324153,-0.066754855,0.16768698,1.0430659,-0.35859373,0.5143329,0.0,0.0,2.3103716,-0.058869116,0.0,0.0,0.0,0.0
flopoco_00145_fpconstdiv,-0.45225227,0.590234,-0.3503103,-0.30782673,-0.3086076,-0.28429118,-0.28545925,-0.26273274,0.0,0.0,0.4444421,-0.15620746,0.0,0.0,0.0,0.0
flopoco_00146_ieeefpadd,2.0200984,1.7124351,0.5162553,-0.0702588,-0.0960592,-0.28429118,-0.34916502,0.24894832,0.0,0.0,0.71590453,0.42851025,0.0,0.0,0.0,0.0
flopoco_00147_fpdiv,1.1001539,0.8962888,2.2536979,-0.22092873,4.103711,-0.28429118,0.3784578,0.6227034,0.0,0.0,1.9474639,0.13847424,0.0,0.0,0.0,0.0
flopoco_00148_fpconstdiv,-1.1422106,-0.63398534,-0.3503103,-0.347071,-0.5118473,-0.28429118,-0.27801555,-0.336006,0.0,0.0,-0.48658392,-0.12846452,0.0,0.0,0.0,0.0
flopoco_00149_fpdiv,2.1350915,1.8144535,1.7665242,-0.12632203,4.5474253,-0.28429118,7.6506543,8.434614,0.0,0.0,0.32564485,0.10952159,0.0,0.0,0.0,0.0
flopoco_00150_fpconstdiv,-1.1422106,-0.63398534,-0.30863467,-0.34286624,-0.48392123,-0.28429118,-0.2843427,-0.336006,0.0,0.0,0.4686607,-0.16489518,0.0,0.0,0.0,0.0
flopoco_00151_fpmult,2.1350915,1.8144535,-0.15199178,4.590698,-0.10381644,4.250846,2.5023348,1.3012503,0.0,0.0,0.07560663,-0.70534205,0.0,0.0,0.0,0.0
flopoco_00152_fpconstmult,-0.27976272,0.947298,-0.3503103,-0.36388996,-0.24965256,-0.28429118,-0.3595242,-0.45607555,0.0,0.0,-0.99968606,1.3258358,0.0,0.0,0.0,0.0
flopoco_00153_fpdiv,-0.62474185,-0.63398534,-0.019779446,-0.31623623,0.03426244,-0.28429118,-0.13125037,-0.13712151,0.0,0.0,0.193353,-0.14348829,0.0,0.0,0.0,0.0
flopoco_00154_fpcomparator,1.1001539,-1.4501315,-0.3503103,-0.3400631,-0.54597914,-0.28429118,-0.35369328,-0.47577927,0.0,0.0,-0.67709637,-0.85754323,0.0,0.0,0.0,0.0
flopoco_00155_fpcomparator,0.75517476,-1.4501315,-0.3503103,-0.3533781,-0.54597914,-0.28429118,-0.35685688,-0.476395,0.0,0.0,-0.82776827,-0.9055556,0.0,0.0,0.0,0.0
flopoco_00156_fpconstmult,0.23770604,1.8144535,-0.20085287,-0.3610868,0.13820946,-0.28429118,-0.3595242,-0.44560796,0.0,0.0,-0.82193726,2.0631583,0.0,0.0,0.0,0.0
flopoco_00157_fpconstdiv,-1.084714,-0.53196704,-0.3503103,-0.34286624,-0.5180531,-0.28429118,-0.2873202,-0.3483208,0.0,0.0,-0.4857323,-0.13487534,0.0,0.0,0.0,0.0
flopoco_00158_fpconstdiv,-0.6822384,0.18216088,-0.26264775,-0.3176378,-0.3954887,-0.28429118,-0.10197177,-0.030598257,0.0,0.0,0.31677806,0.16136427,0.0,0.0,0.0,0.0
flopoco_00159_fpdiv,0.75517476,0.590234,0.82091856,-0.25456667,1.4988295,-0.28429118,-0.17560248,-0.08047331,0.0,0.0,0.1957645,-0.054549146,0.0,0.0,0.0,0.0
flopoco_00160_fpsqrt,-0.6822384,0.18216088,-0.24540268,-0.34566942,0.7339656,-0.28429118,-0.35946217,-0.22209382,0.0,0.0,-0.3613484,0.80750555,0.0,0.0,0.0,0.0
flopoco_00161_ieeefpadd,0.18020952,0.08014261,0.098061986,-0.18448763,-0.3024018,-0.28429118,-0.3527008,-0.14512615,0.0,0.0,0.6934188,-0.3125086,0.0,0.0,0.0,0.0
flopoco_00162_fpdiv,-0.5097488,-0.53196704,0.22596306,-0.30502358,0.32438326,-0.28429118,-0.07461613,-0.052149206,0.0,0.0,0.5306871,-0.10557819,0.0,0.0,0.0,0.0
flopoco_00163_fpconstdiv,-1.1422106,-0.63398534,-0.3503103,-0.35267732,-0.49943572,-0.28429118,-0.30927914,-0.38588104,0.0,0.0,-0.39427036,-0.09775946,0.0,0.0,0.0,0.0
flopoco_00164_ieeefpadd,2.0200984,1.7124351,1.0479789,-0.0702588,-0.092956305,-0.28429118,-0.34916502,0.24894832,0.0,0.0,0.8297156,0.50152755,0.0,0.0,0.0,0.0
flopoco_00165_fpsqrt,-0.6822384,0.18216088,-0.02840199,-0.34566942,0.09166602,-0.28429118,-0.35946217,-0.26519573,0.0,0.0,0.18190317,0.34361923,0.0,0.0,0.0,0.0
flopoco_00166_fpcomparator,-0.62474185,-1.3481133,-0.3503103,-0.3099291,-0.54597914,-0.28429118,-0.35741514,-0.47577927,0.0,0.0,-0.5122643,-1.0184829,0.0,0.0,0.0,0.0
flopoco_00167_fpadd,0.29520255,0.18216088,-0.23678014,-0.24055086,-0.3024018,-0.28429118,-0.3412871,-0.23625588,0.0,0.0,0.2737145,-0.38690844,0.0,0.0,0.0,0.0
flopoco_00168_fpcomparator,1.1001539,-1.4501315,-0.3503103,-0.3400631,-0.54597914,-0.28429118,-0.35369328,-0.47577927,0.0,0.0,-0.67709637,-0.85754323,0.0,0.0,0.0,0.0
flopoco_00169_fpcomparator,-0.5097488,-1.3991225,-0.3503103,-0.33025202,-0.54597914,-0.28429118,-0.35716704,-0.47577927,0.0,0.0,-0.59461606,-0.9938251,0.0,0.0,0.0,0.0
flopoco_00170_ieeefpadd,-0.7397349,-0.73600364,-0.14049506,-0.24265324,-0.40634882,-0.28429118,-0.3539414,-0.3273856,0.0,0.0,0.6303401,-0.69081545,0.0,0.0,0.0,0.0
flopoco_00171_fpmult,2.1350915,1.8144535,-0.3503103,5.191976,0.0265052,6.5184145,2.9124215,1.9342325,0.0,0.0,-0.22512701,-0.6950677,0.0,0.0,0.0,0.0
flopoco_00172_fpmult,-0.5097488,-0.53196704,-0.3503103,0.5506414,-0.40014306,-0.28429118,0.41443574,0.32714748,0.0,0.0,-0.4372381,-0.56843287,0.0,0.0,0.0,0.0
flopoco_00173_fpadd,-0.62474185,-0.63398534,-0.27701867,-0.27559036,-0.41100317,-0.28429118,-0.34252772,-0.36494583,0.0,0.0,0.5032352,-0.65369695,0.0,0.0,0.0,0.0
flopoco_00174_fpdiv,-0.62474185,-0.63398534,-0.07870016,-0.31623623,0.03426244,-0.28429118,-0.13125037,-0.13712151,0.0,0.0,-0.0023422479,-0.14726,0.0,0.0,0.0,0.0
flopoco_00175_fpdiv,0.29520255,0.18216088,1.3325227,-0.26297614,1.8416996,-0.28429118,0.15192084,0.28527707,0.0,0.0,1.4501796,0.023216004,0.0,0.0,0.0,0.0
flopoco_00176_fpconstdiv,-1.084714,-0.53196704,-0.3503103,-0.33585835,-0.5180531,-0.28429118,-0.29290298,-0.333543,0.0,0.0,-0.47911814,-0.30052042,0.0,0.0,0.0,0.0
flopoco_00177_fpsqrt,-1.1422106,-0.63398534,-0.25402522,-0.35688207,-0.41720897,-0.28429118,-0.35946217,-0.44745517,0.0,0.0,-0.5337232,-0.44288442,0.0,0.0,0.0,0.0
flopoco_00178_fpcomparator,0.29520255,-1.4501315,-0.3503103,-0.3533781,-0.54597914,-0.28429118,-0.35735312,-0.476395,0.0,0.0,-0.82776827,-0.9331409,0.0,0.0,0.0,0.0
flopoco_00179_fpmult,0.75517476,0.590234,-0.3503103,2.72169,-0.2667185,0.8494931,1.7630502,1.0875881,0.0,0.0,-0.31173927,-0.6463569,0.0,0.0,0.0,0.0
flopoco_00180_fpcomparator,-0.5097488,-1.4501315,-0.3503103,-0.3533781,-0.54597914,-0.28429118,-0.35822156,-0.476395,0.0,0.0,-0.82776827,-0.9814151,0.0,0.0,0.0,0.0
flopoco_00181_ieeefpfma,-0.16476965,-0.73600364,-0.18217069,-0.18588921,-0.13019106,0.32408085,-0.35865575,-0.012741758,0.0,0.0,1.0779072,-0.3995318,0.0,0.0,0.0,0.0
flopoco_00182_fpsqrt,-1.1422106,-0.63398534,-0.1649256,-0.3547797,-0.36135682,-0.28429118,-0.35946217,-0.42528847,0.0,0.0,0.22485341,-0.34713686,0.0,0.0,0.0,0.0
flopoco_00183_fpconstdiv,-1.1422106,-0.63398534,-0.3503103,-0.34426782,-0.521156,-0.28429118,-0.22268397,-0.27504757,0.0,0.0,-0.48337248,0.04065169,0.0,0.0,0.0,0.0
flopoco_00184_fpconstmult,-0.27976272,1.1003253,-0.17785941,-0.3610868,-0.16122003,-0.28429118,-0.3595242,-0.4536126,0.0,0.0,-0.79181033,0.96679604,0.0,0.0,0.0,0.0
flopoco_00185_fpconstmult,-1.1422106,-0.63398534,-0.3503103,-0.3624884,-0.4342749,-0.28429118,-0.3595242,-0.4733163,0.0,0.0,-0.96371096,-0.3191766,0.0,0.0,0.0,0.0
flopoco_00186_fpconstmult,0.23770604,1.8144535,-0.08157434,-0.3610868,1.0023661,-0.28429118,-0.3595242,-0.44560796,0.0,0.0,-0.77436846,3.957531,0.0,0.0,0.0,0.0
flopoco_00187_fpadd,2.1350915,1.8144535,0.5033215,-0.17257419,-0.09140486,-0.28429118,-0.339054,0.072230555,0.0,0.0,0.6016626,0.32949564,0.0,0.0,0.0,0.0
flopoco_00188_ieeefpfma,-0.16476965,-0.73600364,-0.2267205,-0.19009395,-0.086750515,0.15816121,-0.35865575,-0.16298266,0.0,0.0,1.1980289,-0.548632,0.0,0.0,0.0,0.0
flopoco_00189_fpsqrt,-1.1422106,-0.63398534,-0.24683976,-0.35688207,-0.41720897,-0.28429118,-0.35946217,-0.44745517,0.0,0.0,-0.28958836,-0.46212205,0.0,0.0,0.0,0.0
flopoco_00190_fpadd,2.1350915,1.8144535,-0.14624342,-0.17327498,-0.094507754,-0.28429118,-0.339054,0.072230555,0.0,0.0,0.6329228,0.20744742,0.0,0.0,0.0,0.0
flopoco_00191_fpmult,0.75517476,0.590234,-0.09881943,2.9319272,-0.19845478,1.9832773,1.7442548,1.1719446,0.0,0.0,-0.20035422,-0.66693103,0.0,0.0,0.0,0.0
flopoco_00192_ieeefpadd,-0.7397349,-0.73600364,-0.22384632,-0.24265324,-0.40634882,-0.28429118,-0.3539414,-0.3273856,0.0,0.0,0.48557064,-0.694643,0.0,0.0,0.0,0.0
flopoco_00193_fpdiv,2.1350915,1.8144535,0.71313673,-0.12632203,4.5474253,-0.28429118,7.6506543,8.434614,0.0,0.0,0.37766632,0.11381989,0.0,0.0,0.0,0.0
flopoco_00194_fpdiv,0.29520255,0.18216088,0.43434116,-0.2797951,0.70448804,-0.28429118,-0.21852788,-0.17406599,0.0,0.0,0.074796125,-0.18074265,0.0,0.0,0.0,0.0
flopoco_00195_fpcomparator,-0.5097488,-1.2460951,-0.3503103,-0.30572435,-0.54597914,-0.28429118,-0.35716704,-0.47577927,0.0,0.0,-0.46682745,-1.0161996,0.0,0.0,0.0,0.0
flopoco_00196_fpadd,0.29520255,0.18216088,-0.23678014,-0.24125165,-0.3024018,-0.28429118,-0.3412871,-0.23625588,0.0,0.0,0.56884336,-0.38459295,0.0,0.0,0.0,0.0
flopoco_00197_fpconstdiv,-1.1422106,-0.63398534,-0.28564122,-0.36388996,-0.39704016,-0.28429118,-0.3598964,-0.47393206,0.0,0.0,-0.63641894,0.03751653,0.0,0.0,0.0,0.0
flopoco_00198_fpconstmult,0.23770604,1.9164717,-0.3503103,-0.3624884,-0.04175852,-0.28429118,-0.3595242,-0.44437647,0.0,0.0,-0.96085584,2.3006902,0.0,0.0,0.0,0.0
flopoco_00199_fpadd,0.75517476,0.590234,0.16416815,-0.18799159,-0.24654968,-0.28429118,-0.34072882,-0.12726966,0.0,0.0,0.87599665,-0.17056833,0.0,0.0,0.0,0.0
flopoco_00200_fpmult,-0.62474185,-0.63398534,-0.2899525,0.4742553,-0.42341477,-0.28429118,0.22406282,0.029744398,0.0,0.0,-0.39318824,-0.63731277,0.0,0.0,0.0,0.0
flopoco_00201_fpcomparator,-0.62474185,-1.3991225,-0.3503103,-0.3099291,-0.54597914,-0.28429118,-0.35741514,-0.47577927,0.0,0.0,-0.50766605,-1.0186332,0.0,0.0,0.0,0.0
flopoco_00202_fpadd,-0.5097488,-0.53196704,-0.25115103,-0.32814965,-0.40479738,-0.28429118,-0.35766327,-0.38957548,0.0,0.0,-0.09624286,-0.54181755,0.0,0.0,0.0,0.0
flopoco_00203_fpconstmult,-0.27976272,0.8962888,-0.3503103,-0.3624884,-0.5118473,-0.28429118,-0.3595242,-0.47824225,0.0,0.0,-1.0943348,-0.71391046,0.0,0.0,0.0,0.0
flopoco_00204_fpconstmult,-0.45225227,0.590234,-0.19366741,-0.3610868,-0.21396926,-0.28429118,-0.3595242,-0.4585385,0.0,0.0,-0.803108,0.7531685,0.0,0.0,0.0,0.0
flopoco_00205_fpdiv,-0.5097488,-0.53196704,-0.11175325,-0.30502358,0.32438326,-0.28429118,-0.07461613,-0.052149206,0.0,0.0,-0.025253972,-0.08839733,0.0,0.0,0.0,0.0
flopoco_00206_fpconstmult,-0.45225227,0.590234,-0.3503103,-0.3624884,-0.28843877,-0.28429118,-0.3595242,-0.4585385,0.0,0.0,-0.96371096,0.78844947,0.0,0.0,0.0,0.0
flopoco_00207_fpcomparator,-0.62474185,-1.4501315,-0.3503103,-0.3400631,-0.54597914,-0.28429118,-0.35741514,-0.47577927,0.0,0.0,-0.67709637,-0.9858672,0.0,0.0,0.0,0.0
flopoco_00208_ieeefpadd,2.0200984,1.7124351,0.34380448,-0.0702588,-0.0960592,-0.28429118,-0.34916502,0.24894832,0.0,0.0,0.61566067,0.3972376,0.0,0.0,0.0,0.0
flopoco_00209_fpcomparator,0.75517476,-1.4501315,-0.3503103,-0.3400631,-0.54597914,-0.28429118,-0.35443765,-0.47577927,0.0,0.0,-0.67709637,-0.88320804,0.0,0.0,0.0,0.0
flopoco_00210_fpadd,0.75517476,0.590234,-0.019779446,-0.18799159,-0.24965256,-0.28429118,-0.34072882,-0.12726966,0.0,0.0,0.79177094,-0.18276294,0.0,0.0,0.0,0.0
flopoco_00211_fpconstmult,-0.6822384,0.3351883,-0.3503103,-0.36388996,-0.32412207,-0.28429118,-0.3595242,-0.46223298,0.0,0.0,-1.0579314,0.71335614,0.0,0.0,0.0,0.0
flopoco_00212_fpmult,0.75517476,0.590234,-0.3503103,2.72169,-0.2667185,0.8494931,1.7630502,1.0875881,0.0,0.0,-0.31173927,-0.6463569,0.0,0.0,0.0,0.0
flopoco_00213_fpcomparator,1.1001539,-1.4501315,-0.3503103,-0.3400631,-0.54597914,-0.28429118,-0.35369328,-0.47577927,0.0,0.0,-0.67709637,-0.85754323,0.0,0.0,0.0,0.0
flopoco_00214_fpadd,1.1001539,0.8962888,-0.3503103,-0.29100776,-0.2279323,-0.28429118,-0.35766327,-0.21470493,0.0,0.0,0.4639635,0.13656192,0.0,0.0,0.0,0.0
flopoco_00215_fpsqrt,-0.45225227,0.590234,0.17853905,-0.3400631,1.5531301,-0.28429118,-0.35946217,-0.057075135,0.0,0.0,0.07856347,1.1880612,0.0,0.0,0.0,0.0
flopoco_00216_fpdiv,-0.62474185,-0.63398534,-0.30576047,-0.31133068,-0.26516706,-0.28429118,1.3581122,1.430556,0.0,0.0,1.5634313,0.048840214,0.0,0.0,0.0,0.0
flopoco_00217_fpmult,1.1001539,0.8962888,-0.3503103,2.7532253,-0.14570555,3.172368,1.497868,0.9816806,0.0,0.0,-0.14579387,-0.68796366,0.0,0.0,0.0,0.0
flopoco_00218_fpcomparator,2.1350915,-1.4501315,-0.3503103,-0.3533781,-0.54597914,-0.28429118,-0.35536814,-0.476395,0.0,0.0,-0.82776827,-0.82279974,0.0,0.0,0.0,0.0
flopoco_00219_fpconstmult,-0.6822384,0.28417918,-0.3503103,-0.3610868,-0.32877642,-0.28429118,-0.3595242,-0.46223298,0.0,0.0,-0.98129284,0.33319637,0.0,0.0,0.0,0.0
flopoco_00220_ieeefpadd,-0.7397349,-0.73600364,-0.20803832,-0.24265324,-0.41565752,-0.28429118,-0.35524407,-0.3199967,0.0,0.0,0.42989057,-0.68848306,0.0,0.0,0.0,0.0
flopoco_00221_fpadd,0.75517476,0.590234,0.16416815,-0.18729079,-0.24654968,-0.28429118,-0.34072882,-0.12726966,0.0,0.0,0.5904124,-0.17318642,0.0,0.0,0.0,0.0
flopoco_00222_fpdiv,-0.5097488,-0.53196704,-0.14049506,-0.30502358,0.32438326,-0.28429118,-0.07461613,-0.052149206,0.0,0.0,-0.17321429,-0.09377127,0.0,0.0,0.0,0.0
flopoco_00223_fpdiv,0.75517476,0.590234,3.3329532,-0.23214138,3.3605673,-0.28429118,0.32182357,0.53773105,0.0,0.0,3.2433622,0.07169858,0.0,0.0,0.0,0.0
flopoco_00224_fpdiv,0.75517476,0.590234,2.1028035,-0.25456667,1.4988295,-0.28429118,-0.17560248,-0.08047331,0.0,0.0,1.334924,-0.104094155,0.0,0.0,0.0,0.0
flopoco_00225_fpmult,-0.62474185,-0.63398534,-0.3503103,0.51069635,-0.41100317,-0.28429118,0.28714827,0.1682862,0.0,0.0,-0.38391495,-0.6147694,0.0,0.0,0.0,0.0
flopoco_00226_fpmult,-0.62474185,-0.63398534,-0.29282665,-0.007888468,-0.40634882,-0.28429118,-0.08714637,-0.15867247,0.0,0.0,-0.54873884,-0.5899986,0.0,0.0,0.0,0.0
flopoco_00227_fpconstdiv,-1.084714,-0.53196704,-0.30863467,-0.33025202,-0.51650167,-0.28429118,-0.2556844,-0.29351982,0.0,0.0,-0.36037382,-0.1580555,0.0,0.0,0.0,0.0
flopoco_00228_fpcomparator,-0.62474185,-1.2460951,-0.3503103,-0.30572435,-0.54597914,-0.28429118,-0.35741514,-0.47577927,0.0,0.0,-0.46682745,-1.0207661,0.0,0.0,0.0,0.0
flopoco_00229_fpmult,0.75517476,0.590234,-0.3503103,2.72169,-0.2667185,0.8494931,1.7630502,1.0875881,0.0,0.0,-0.31173927,-0.6463569,0.0,0.0,0.0,0.0
flopoco_00230_fpconstmult,-1.1422106,-0.48095793,-0.3503103,-0.36388996,-0.42496622,-0.28429118,-0.3595242,-0.4702376,0.0,0.0,-1.0288087,-0.110323384,0.0,0.0,0.0,0.0
flopoco_00231_fpmult,-0.62474185,-0.63398534,-0.3503103,0.5317201,-0.41720897,-0.28429118,0.29384762,0.18183252,0.0,0.0,-0.3287301,-0.6194492,0.0,0.0,0.0,0.0
flopoco_00232_fpdiv,-0.5097488,-0.53196704,-0.23534304,-0.2945117,-0.094507754,-0.28429118,1.9301615,2.0672326,0.0,0.0,0.9603997,0.05325646,0.0,0.0,0.0,0.0
flopoco_00233_fpcomparator,0.75517476,-1.4501315,-0.3503103,-0.3400631,-0.54597914,-0.28429118,-0.35443765,-0.47577927,0.0,0.0,-0.67709637,-0.88320804,0.0,0.0,0.0,0.0
flopoco_00234_fpadd,1.1001539,0.8962888,-0.19797869,-0.18448763,-0.20931491,-0.28429118,-0.34023258,-0.086630724,0.0,0.0,0.3441383,-0.11664897,0.0,0.0,0.0,0.0
flopoco_00235_fpcomparator,0.75517476,-1.3991225,-0.3503103,-0.33025202,-0.54597914,-0.28429118,-0.35443765,-0.47577927,0.0,0.0,-0.59461606,-0.9183506,0.0,0.0,0.0,0.0
flopoco_00236_fpconstdiv,-1.1422106,-0.63398534,-0.3503103,-0.36388996,-0.3598054,-0.28429118,-0.3598964,-0.47208482,0.0,0.0,-0.75630367,0.42062327,0.0,0.0,0.0,0.0
flopoco_00237_fpadd,-0.62474185,-0.63398534,-0.27701867,-0.27769274,-0.40169448,-0.28429118,-0.34234163,-0.3797236,0.0,0.0,0.5032352,-0.67104954,0.0,0.0,0.0,0.0
flopoco_00238_fpcomparator,-0.5097488,-1.3991225,-0.3503103,-0.33025202,-0.54597914,-0.28429118,-0.35716704,-0.47577927,0.0,0.0,-0.59461606,-0.9938251,0.0,0.0,0.0,0.0
flopoco_00239_fpconstdiv,-0.27976272,0.8962888,-0.19223031,-0.3092283,-0.5056415,-0.28429118,-0.1711983,-0.13650577,0.0,0.0,-0.21474588,-0.15472448,0.0,0.0,0.0,0.0
flopoco_00240_fpmult,-0.62474185,-0.63398534,-0.3503103,0.3943652,-0.42031187,-0.28429118,0.18268819,0.018045312,0.0,0.0,-0.44130966,-0.62695926,0.0,0.0,0.0,0.0
flopoco_00241_fpdiv,-0.62474185,-0.63398534,-0.24683976,-0.3029212,-0.17208016,-0.28429118,1.6441369,1.74951,0.0,0.0,0.54063517,0.051019937,0.0,0.0,0.0,0.0
flopoco_00242_fpconstmult,-0.6822384,0.4372066,-0.3503103,-0.36388996,-0.11622803,-0.28429118,-0.3595242,-0.4610015,0.0,0.0,-0.98129284,1.4736757,0.0,0.0,0.0,0.0
flopoco_00243_fpconstmult,-0.27976272,1.0493163,-0.3503103,-0.36388996,-0.24654968,-0.28429118,-0.3595242,-0.45484406,0.0,0.0,-1.0288087,1.3680758,0.0,0.0,0.0,0.0
flopoco_00244_fpsqrt,-0.27976272,0.8962888,0.18716161,-0.33725992,0.7401714,-0.28429118,-0.35946217,-0.025056586,0.0,0.0,0.37090015,0.97855663,0.0,0.0,0.0,0.0
flopoco_00245_fpadd,-0.62474185,-0.63398534,-0.25977358,-0.27068484,-0.32722497,-0.28429118,-0.35741514,-0.35324675,0.0,0.0,0.2525893,-0.51389205,0.0,0.0,0.0,0.0
flopoco_00246_fpadd,-0.5097488,-0.53196704,-0.3503103,-0.33025202,-0.40790027,-0.28429118,-0.35766327,-0.38957548,0.0,0.0,0.51985437,-0.55861217,0.0,0.0,0.0,0.0
flopoco_00247_fpadd,0.29520255,0.18216088,-0.3503103,-0.20621213,-0.1410512,-0.28429118,-0.35735312,-0.21039474,0.0,0.0,0.8611229,-0.02814465,0.0,0.0,0.0,0.0
flopoco_00248_fpconstdiv,-1.1422106,-0.63398534,-0.3503103,-0.34426782,-0.52270746,-0.28429118,-0.34079087,-0.42097828,0.0,0.0,-0.48871535,-0.48920748,0.0,0.0,0.0,0.0
flopoco_00249_fpcomparator,0.75517476,-1.3991225,-0.3503103,-0.33025202,-0.54597914,-0.28429118,-0.35443765,-0.47577927,0.0,0.0,-0.59461606,-0.9183506,0.0,0.0,0.0,0.0
flopoco_00250_fpconstmult,-1.084714,-0.37893963,-0.3503103,-0.36388996,-0.36445972,-0.28429118,-0.3595242,-0.46962187,0.0,0.0,-0.96692306,0.2213846,0.0,0.0,0.0,0.0
flopoco_00251_fpconstmult,-1.1422106,-0.63398534,-0.3503103,-0.3624884,-0.5180531,-0.28429118,-0.3595242,-0.47824225,0.0,0.0,-1.0943348,-0.76726615,0.0,0.0,0.0,0.0
flopoco_00252_fpconstdiv,-1.1422106,-0.63398534,-0.30863467,-0.34286624,-0.48392123,-0.28429118,-0.27838773,-0.3261541,0.0,0.0,0.41315165,-0.09765143,0.0,0.0,0.0,0.0
flopoco_00253_fpconstdiv,0.23770604,1.8144535,0.26763868,-0.36388996,0.63001853,-0.28429118,-0.3598964,-0.44622368,0.0,0.0,-0.16712,4.241009,0.0,0.0,0.0,0.0
flopoco_00254_fpcomparator,-0.62474185,-1.4501315,-0.3503103,-0.3400631,-0.54597914,-0.28429118,-0.35741514,-0.47577927,0.0,0.0,-0.67709637,-0.9858672,0.0,0.0,0.0,0.0
flopoco_00255_fpcomparator,1.1001539,-1.2460951,-0.3503103,-0.30572435,-0.54597914,-0.28429118,-0.35369328,-0.47577927,0.0,0.0,-0.46682745,-0.95226884,0.0,0.0,0.0,0.0
flopoco_00256_fpsqrt,-1.1422106,-0.63398534,-0.23246886,-0.35688207,-0.3086076,-0.28429118,-0.35946217,-0.43390885,0.0,0.0,-0.21172519,-0.23410256,0.0,0.0,0.0,0.0
flopoco_00257_fpconstdiv,-1.1422106,-0.63398534,-0.3503103,-0.33445677,-0.46685532,-0.28429118,-0.3312381,-0.38649678,0.0,0.0,0.5490166,-0.47153792,0.0,0.0,0.0,0.0
flopoco_00258_fpcomparator,-0.62474185,-1.4501315,-0.3503103,-0.3400631,-0.54597914,-0.28429118,-0.35741514,-0.47577927,0.0,0.0,-0.67709637,-0.9858672,0.0,0.0,0.0,0.0
flopoco_00259_fpdiv,0.75517476,0.590234,1.2204298,-0.25456667,1.4988295,-0.28429118,-0.17560248,-0.08047331,0.0,0.0,0.5493828,-0.08026045,0.0,0.0,0.0,0.0
flopoco_00260_fpdiv,1.1001539,0.8962888,1.3785098,-0.22092873,4.103711,-0.28429118,0.3784578,0.6227034,0.0,0.0,1.0789979,0.15410718,0.0,0.0,0.0,0.0
flopoco_00261_fpcomparator,-0.5097488,-1.4501315,-0.3503103,-0.3533781,-0.54597914,-0.28429118,-0.35822156,-0.476395,0.0,0.0,-0.82776827,-0.9814151,0.0,0.0,0.0,0.0
flopoco_00262_fpcomparator,0.29520255,-1.4501315,-0.3503103,-0.3400631,-0.54597914,-0.28429118,-0.35543016,-0.47577927,0.0,0.0,-0.67709637,-0.9174278,0.0,0.0,0.0,0.0
flopoco_00263_fpadd,-0.62474185,-0.63398534,-0.3503103,-0.32814965,-0.41720897,-0.28429118,-0.35766327,-0.40558475,0.0,0.0,0.003980957,-0.6416231,0.0,0.0,0.0,0.0
flopoco_00264_fpsqrt,-1.1422106,-0.63398534,-0.3503103,-0.3547797,-0.1829403,-0.28429118,-0.35946217,-0.4062005,0.0,0.0,-0.37466854,0.01408018,0.0,0.0,0.0,0.0
flopoco_00265_fpconstdiv,-1.1422106,-0.63398534,-0.3503103,-0.36388996,-0.37531987,-0.28429118,-0.3598964,-0.47393206,0.0,0.0,-0.75630367,0.2673806,0.0,0.0,0.0,0.0
flopoco_00266_fpcomparator,0.75517476,-1.4501315,-0.3503103,-0.3400631,-0.54597914,-0.28429118,-0.35443765,-0.47577927,0.0,0.0,-0.67709637,-0.88320804,0.0,0.0,0.0,0.0
flopoco_00267_fpconstdiv,-0.45225227,0.590234,-0.25115103,-0.36388996,0.20647319,-0.28429118,-0.3598964,-0.45977,0.0,0.0,-0.53504694,3.0977082,0.0,0.0,0.0,0.0
flopoco_00268_fpmult,0.29520255,0.18216088,-0.17929651,1.2360144,-0.2698214,0.8494931,0.75318664,0.43859667,0.0,0.0,-0.5553519,-0.6302843,0.0,0.0,0.0,0.0
flopoco_00269_fpconstmult,-0.27976272,0.8962888,-0.3503103,-0.3624884,-0.15656568,-0.28429118,-0.3595242,-0.45607555,0.0,0.0,-0.8880491,1.4736757,0.0,0.0,0.0,0.0
flopoco_00270_fpadd,2.1350915,1.8144535,-0.3503103,-0.07376276,0.24681084,-0.28429118,-0.35729107,0.13195747,0.0,0.0,0.9098442,1.0119524,0.0,0.0,0.0,0.0
flopoco_00271_fpmult,0.29520255,0.18216088,-0.3503103,1.2128882,-0.2698214,0.8494931,0.71392107,0.47430968,0.0,0.0,-0.35519826,-0.63707644,0.0,0.0,0.0,0.0
flopoco_00272_ieeefpfma,-0.16476965,-0.73600364,-0.05139544,-0.19009395,-0.086750515,0.15816121,-0.35865575,-0.16298266,0.0,0.0,1.3295518,-0.55476344,0.0,0.0,0.0,0.0
flopoco_00273_fpconstdiv,0.23770604,1.8144535,-0.3503103,-0.29731488,-0.5040901,-0.28429118,-0.2243588,-0.16606136,0.0,0.0,-0.46733788,-0.28455603,0.0,0.0,0.0,0.0
flopoco_00274_fpconstmult,-0.45225227,0.590234,-0.3503103,-0.3610868,0.015645063,-0.28429118,-0.3595242,-0.4585385,0.0,0.0,-0.96692306,1.561535,0.0,0.0,0.0,0.0
flopoco_00275_fpconstdiv,-1.1422106,-0.63398534,-0.27845576,-0.36388996,-0.3985916,-0.28429118,-0.3598964,-0.4745478,0.0,0.0,-0.6002893,-0.06808341,0.0,0.0,0.0,0.0
flopoco_00276_ieeefpfma,-0.16476965,-0.73600364,-0.2267205,-0.19009395,-0.086750515,0.15816121,-0.35865575,-0.16298266,0.0,0.0,1.1980289,-0.548632,0.0,0.0,0.0,0.0
flopoco_00277_fpconstmult,-0.6822384,0.18216088,-0.3503103,-0.3624884,-0.33808511,-0.28429118,-0.3595242,-0.46346444,0.0,0.0,-0.96371096,0.412983,0.0,0.0,0.0,0.0
flopoco_00278_fpsqrt,-1.1422106,-0.63398534,-0.27701867,-0.3547797,-0.1829403,-0.28429118,-0.35946217,-0.4062005,0.0,0.0,-0.2796529,-0.009850849,0.0,0.0,0.0,0.0
flopoco_00279_fpdiv,-0.62474185,-0.63398534,-0.17929651,-0.3029212,-0.17208016,-0.28429118,1.6441369,1.74951,0.0,0.0,-0.020421166,0.04948128,0.0,0.0,0.0,0.0
flopoco_00280_fpadd,-0.62474185,-0.63398534,-0.28564122,-0.27699196,-0.40169448,-0.28429118,-0.34234163,-0.3797236,0.0,0.0,0.18822971,-0.66792196,0.0,0.0,0.0,0.0
flopoco_00281_fpconstmult,-0.27976272,0.8962888,-0.3503103,-0.3624884,-0.037104174,-0.28429118,-0.3595242,-0.45607555,0.0,0.0,-1.0433701,1.8357326,0.0,0.0,0.0,0.0
flopoco_00282_fpconstmult,0.23770604,1.8144535,-0.3503103,-0.3624884,-0.5087444,-0.28429118,-0.3595242,-0.47824225,0.0,0.0,-1.0943348,-0.6872325,0.0,0.0,0.0,0.0
flopoco_00283_fpmult,-0.62474185,-0.63398534,-0.3503103,0.3943652,-0.42031187,-0.28429118,0.18268819,0.018045312,0.0,0.0,-0.44130966,-0.62695926,0.0,0.0,0.0,0.0
flopoco_00284_fpadd,0.29520255,0.18216088,-0.103130706,-0.20551135,-0.1410512,-0.28429118,-0.35735312,-0.21039474,0.0,0.0,0.40985173,-0.0183137,0.0,0.0,0.0,0.0
flopoco_00285_fpmult,2.1350915,1.8144535,-0.15199178,4.590698,-0.10381644,4.250846,2.5023348,1.3012503,0.0,0.0,0.07560663,-0.70534205,0.0,0.0,0.0,0.0
flopoco_00286_fpconstmult,-0.45225227,0.8452797,-0.3503103,-0.36388996,-0.1860432,-0.28429118,-0.3595242,-0.45607555,0.0,0.0,-0.91231805,1.5830027,0.0,0.0,0.0,0.0
flopoco_00287_ieeefpfma,1.215147,0.08014261,0.2187776,-0.066754855,0.16768698,1.0430659,-0.35859373,0.5143329,0.0,0.0,2.0584106,-0.08371772,0.0,0.0,0.0,0.0
flopoco_00288_ieeefpadd,-0.7397349,-0.73600364,0.037704177,-0.24265324,-0.40324593,-0.28429118,-0.3539414,-0.3273856,0.0,0.0,0.8216312,-0.6724376,0.0,0.0,0.0,0.0
flopoco_00289_fpcomparator,1.1001539,-1.4501315,-0.3503103,-0.3400631,-0.54597914,-0.28429118,-0.35369328,-0.47577927,0.0,0.0,-0.67709637,-0.85754323,0.0,0.0,0.0,0.0
flopoco_00290_fpsqrt,-1.1422106,-0.63398534,-0.26552194,-0.3547797,-0.36135682,-0.28429118,-0.35946217,-0.42528847,0.0,0.0,-0.19825225,-0.32383963,0.0,0.0,0.0,0.0
flopoco_00291_fpsqrt,-1.084714,-0.53196704,-0.19797869,-0.3540789,-0.33343077,-0.28429118,-0.35946217,-0.4166681,0.0,0.0,-0.03863756,-0.2880738,0.0,0.0,0.0,0.0
flopoco_00292_fpmult,1.1001539,0.8962888,-0.104567796,2.4294603,-0.14570555,3.172368,1.3625785,0.89486104,0.0,0.0,-0.31987032,-0.6742527,0.0,0.0,0.0,0.0
flopoco_00293_fpsqrt,-0.27976272,0.8962888,0.0046510943,-0.33725992,2.043388,-0.28429118,-0.35946217,0.040212,0.0,0.0,-0.24677902,1.4949201,0.0,0.0,0.0,0.0
flopoco_00294_fpdiv,2.1350915,1.8144535,13.373905,-0.18518843,4.6312037,-0.28429118,-0.057557616,0.17629084,0.0,0.0,8.059632,0.004025015,0.0,0.0,0.0,0.0
flopoco_00295_fpcomparator,2.1350915,-1.3991225,-0.3503103,-0.3099291,-0.54597914,-0.28429118,-0.3514602,-0.47577927,0.0,0.0,-0.50766605,-0.9031873,0.0,0.0,0.0,0.0
flopoco_00296_ieeefpadd,0.18020952,0.08014261,0.16704233,-0.18448763,-0.3055047,-0.28429118,-0.3527008,-0.14512615,0.0,0.0,0.68877053,-0.29734054,0.0,0.0,0.0,0.0
flopoco_00297_fpsqrt,0.23770604,1.8144535,1.6774246,-0.3253465,2.0356307,-0.28429118,-0.35946217,0.46692076,0.0,0.0,1.7703525,1.7437307,0.0,0.0,0.0,0.0
flopoco_00298_fpconstmult,-0.6822384,0.18216088,-0.3503103,-0.3624884,-0.25896126,-0.28429118,-0.3595242,-0.46346444,0.0,0.0,-0.8880491,0.78005093,0.0,0.0,0.0,0.0
flopoco_00299_fpcomparator,0.29520255,-1.3481133,-0.3503103,-0.3099291,-0.54597914,-0.28429118,-0.35543016,-0.47577927,0.0,0.0,-0.5122643,-0.97986346,0.0,0.0,0.0,0.0
flopoco_00300_fpdiv,0.29520255,0.18216088,2.0280747,-0.2797951,0.70448804,-0.28429118,-0.21852788,-0.17406599,0.0,0.0,1.6481613,-0.21452487,0.0,0.0,0.0,0.0
flopoco_00301_fpmult,0.75517476,0.590234,-0.09881943,2.9319272,-0.19845478,1.9832773,1.7442548,1.1719446,0.0,0.0,-0.20035422,-0.66693103,0.0,0.0,0.0,0.0
flopoco_00302_fpconstdiv,-1.1422106,-0.63398534,-0.3503103,-0.3386615,-0.48392123,-0.28429118,-0.21921022,-0.23564014,0.0,0.0,0.09350661,0.04827875,0.0,0.0,0.0,0.0
flopoco_00303_fpconstdiv,0.23770604,1.8144535,-0.3503103,-0.260173,-0.16587438,-0.28429118,1.2665546,1.6823943,0.0,0.0,0.8786519,0.67418885,0.0,0.0,0.0,0.0
flopoco_00304_fpcomparator,0.29520255,-1.4501315,-0.3503103,-0.3400631,-0.54597914,-0.28429118,-0.35543016,-0.47577927,0.0,0.0,-0.67709637,-0.9174278,0.0,0.0,0.0,0.0
flopoco_00305_fpmult,2.1350915,1.8144535,-0.0054085404,5.191976,0.0265052,6.5184145,2.9124215,1.9342325,0.0,0.0,-0.22526689,-0.69364494,0.0,0.0,0.0,0.0
flopoco_00306_fpcomparator,1.1001539,-1.3991225,-0.3503103,-0.33025202,-0.54597914,-0.28429118,-0.35369328,-0.47577927,0.0,0.0,-0.59461606,-0.8977666,0.0,0.0,0.0,0.0
flopoco_00307_fpadd,-0.62474185,-0.63398534,-0.27701867,-0.2748896,-0.41100317,-0.28429118,-0.34252772,-0.36494583,0.0,0.0,0.20114972,-0.6551584,0.0,0.0,0.0,0.0
flopoco_00308_fpconstmult,-0.27976272,1.0493163,-0.25115103,-0.36388996,-0.24034388,-0.28429118,-0.3595242,-0.45484406,0.0,0.0,-0.97472376,1.058956,0.0,0.0,0.0,0.0
flopoco_00309_fpconstmult,-1.084714,-0.42994878,-0.3503103,-0.3610868,-0.2760272,-0.28429118,-0.3595242,-0.46962187,0.0,0.0,-0.9692972,0.22759643,0.0,0.0,0.0,0.0
flopoco_00310_fpsqrt,-0.45225227,0.590234,0.28488377,-0.3400631,0.49504253,-0.28429118,-0.35946217,-0.11495483,0.0,0.0,0.30392066,0.7409746,0.0,0.0,0.0,0.0
flopoco_00311_fpcomparator,0.29520255,-1.4501315,-0.3503103,-0.3400631,-0.54597914,-0.28429118,-0.35543016,-0.47577927,0.0,0.0,-0.67709637,-0.9174278,0.0,0.0,0.0,0.0
flopoco_00312_fpcomparator,-0.62474185,-1.4501315,-0.3503103,-0.3400631,-0.54597914,-0.28429118,-0.35741514,-0.47577927,0.0,0.0,-0.67709637,-0.9858672,0.0,0.0,0.0,0.0
flopoco_00313_fpmult,-0.62474185,-0.63398534,-0.3503103,0.3943652,-0.42031187,-0.28429118,0.18268819,0.018045312,0.0,0.0,-0.44130966,-0.62695926,0.0,0.0,0.0,0.0
flopoco_00314_fpconstdiv,-0.45225227,0.590234,-0.3503103,-0.32184252,-0.3598054,-0.28429118,-0.19687909,-0.16421413,0.0,0.0,-0.16640896,-0.013705386,0.0,0.0,0.0,0.0
flopoco_00315_fpcomparator,1.1001539,-1.4501315,-0.3503103,-0.3400631,-0.54597914,-0.28429118,-0.35369328,-0.47577927,0.0,0.0,-0.67709637,-0.85754323,0.0,0.0,0.0,0.0
flopoco_00316_fpadd,1.1001539,0.8962888,0.06069763,-0.12211729,0.029608097,-0.28429118,-0.35729107,-0.047839016,0.0,0.0,0.53671306,0.4377024,0.0,0.0,0.0,0.0
flopoco_00317_fpconstdiv,-0.27976272,0.8962888,-0.3503103,-0.29731488,-0.27757865,-0.28429118,-0.29085594,-0.25534385,0.0,0.0,0.5743292,-0.2854775,0.0,0.0,0.0,0.0
flopoco_00318_fpadd,-0.62474185,-0.63398534,-0.19510451,-0.2748896,-0.41100317,-0.28429118,-0.34252772,-0.36494583,0.0,0.0,0.35952407,-0.64341223,0.0,0.0,0.0,0.0
flopoco_00319_fpconstdiv,0.23770604,1.8144535,-0.035587445,-0.26577932,-0.5025386,-0.28429118,-0.1948941,-0.10140852,0.0,0.0,0.15727483,-0.37499726,0.0,0.0,0.0,0.0
flopoco_00320_fpadd,0.75517476,0.590234,-0.3503103,-0.13683389,-0.04175852,-0.28429118,-0.35729107,-0.093403876,0.0,0.0,0.9389071,0.2732924,0.0,0.0,0.0,0.0
flopoco_00321_fpsqrt,-1.1422106,-0.63398534,-0.29138958,-0.35688207,-0.41720897,-0.28429118,-0.35946217,-0.44745517,0.0,0.0,-0.26797873,-0.42463854,0.0,0.0,0.0,0.0
flopoco_00322_fpconstmult,-0.45225227,0.8452797,-0.3503103,-0.36388996,-0.27757865,-0.28429118,-0.3595242,-0.45607555,0.0,0.0,-1.0288087,1.1357559,0.0,0.0,0.0,0.0
flopoco_00323_fpmult,0.29520255,0.18216088,-0.3503103,1.2128882,-0.2698214,0.8494931,0.71392107,0.47430968,0.0,0.0,-0.35519826,-0.63707644,0.0,0.0,0.0,0.0
flopoco_00324_fpconstdiv,-0.27976272,0.8962888,0.15123434,-0.36388996,0.41436723,-0.28429118,-0.3598964,-0.45730704,0.0,0.0,-0.26919207,2.9586627,0.0,0.0,0.0,0.0
flopoco_00325_fpmult,1.1001539,0.8962888,-0.20660123,2.0874746,-0.22017506,1.9832773,1.1379025,0.55743474,0.0,0.0,-0.12199915,-0.6827846,0.0,0.0,0.0,0.0
flopoco_00326_fpmult,-0.62474185,-0.63398534,-0.3503103,0.3943652,-0.42031187,-0.28429118,0.18268819,0.018045312,0.0,0.0,-0.44130966,-0.62695926,0.0,0.0,0.0,0.0
flopoco_00327_fpadd,0.75517476,0.590234,-0.3503103,-0.29240933,-0.26826996,-0.28429118,-0.35766327,-0.24302903,0.0,0.0,0.48461056,0.022643337,0.0,0.0,0.0,0.0
flopoco_00328_fpdiv,-0.5097488,-0.53196704,-0.15342887,-0.2945117,-0.094507754,-0.28429118,1.9301615,2.0672326,0.0,0.0,-0.072778516,0.050727885,0.0,0.0,0.0,0.0
flopoco_00329_fpconstdiv,-1.1422106,-0.63398534,-0.3503103,-0.32814965,-0.46530387,-0.28429118,-0.21269698,-0.21101049,0.0,0.0,0.806702,-0.042808697,0.0,0.0,0.0,0.0
flopoco_00330_fpconstdiv,-0.6822384,0.18216088,-0.17785941,-0.36388996,-0.030898381,-0.28429118,-0.3598964,-0.46346444,0.0,0.0,-0.35316253,1.760463,0.0,0.0,0.0,0.0
flopoco_00331_fpconstdiv,-1.1422106,-0.63398534,-0.3503103,-0.34286624,-0.48547268,-0.28429118,-0.27838773,-0.32492262,0.0,0.0,-0.24170001,-0.07882194,0.0,0.0,0.0,0.0
flopoco_00332_fpadd,-0.62474185,-0.63398534,-0.2870783,-0.27559036,-0.41100317,-0.28429118,-0.34252772,-0.36494583,0.0,0.0,0.48849934,-0.64656883,0.0,0.0,0.0,0.0
flopoco_00333_fpsqrt,-0.27976272,0.8962888,0.4012881,-0.33725992,2.043388,-0.28429118,-0.35946217,0.040212,0.0,0.0,0.069398195,1.4324216,0.0,0.0,0.0,0.0
flopoco_00334_fpcomparator,-0.62474185,-1.4501315,-0.3503103,-0.3400631,-0.54597914,-0.28429118,-0.35741514,-0.47577927,0.0,0.0,-0.67709637,-0.9858672,0.0,0.0,0.0,0.0
flopoco_00335_fpconstmult,-0.27976272,0.8962888,-0.23965432,-0.3610868,0.037365336,-0.28429118,-0.3595242,-0.45607555,0.0,0.0,-0.7407022,1.5901998,0.0,0.0,0.0,0.0
flopoco_00336_fpadd,2.1350915,1.8144535,-0.13618378,-0.17327498,-0.094507754,-0.28429118,-0.339054,0.072230555,0.0,0.0,0.6392179,0.19782232,0.0,0.0,0.0,0.0
flopoco_00337_fpsqrt,-0.6822384,0.18216088,0.27338704,-0.34566942,0.7339656,-0.28429118,-0.35946217,-0.22209382,0.0,0.0,0.5148928,0.6107043,0.0,0.0,0.0,0.0
flopoco_00338_fpconstdiv,-0.27976272,0.8962888,-0.19223031,-0.3092283,-0.5056415,-0.28429118,-0.093783684,-0.008431568,0.0,0.0,-0.09848638,-0.14103028,0.0,0.0,0.0,0.0
flopoco_00339_fpsqrt,-1.1422106,-0.63398534,-0.29426375,-0.35688207,-0.3086076,-0.28429118,-0.35946217,-0.43390885,0.0,0.0,-0.577717,-0.21713021,0.0,0.0,0.0,0.0
flopoco_00340_fpconstdiv,-0.45225227,0.590234,-0.3503103,-0.31974018,-0.5118473,-0.28429118,-0.05116843,-0.015820464,0.0,0.0,-0.47607052,0.054473657,0.0,0.0,0.0,0.0
flopoco_00341_fpcomparator,1.1001539,-1.3481133,-0.3503103,-0.3099291,-0.54597914,-0.28429118,-0.35369328,-0.47577927,0.0,0.0,-0.5122643,-0.94607145,0.0,0.0,0.0,0.0
flopoco_00342_fpcomparator,0.75517476,-1.3991225,-0.3503103,-0.33025202,-0.54597914,-0.28429118,-0.35443765,-0.47577927,0.0,0.0,-0.59461606,-0.9183506,0.0,0.0,0.0,0.0
flopoco_00343_fpsqrt,0.23770604,1.8144535,0.94594544,-0.3253465,2.0356307,-0.28429118,-0.35946217,0.46692076,0.0,0.0,0.973852,1.8440168,0.0,0.0,0.0,0.0
flopoco_00344_fpconstdiv,0.23770604,1.8144535,-0.3503103,-0.2952125,-0.5025386,-0.28429118,0.1203471,0.24340665,0.0,0.0,-0.4739477,0.058494806,0.0,0.0,0.0,0.0
flopoco_00345_fpconstdiv,-1.1422106,-0.63398534,-0.3503103,-0.34987414,-0.51339877,-0.28429118,-0.33136216,-0.41543663,0.0,0.0,-0.4997467,-0.31314027,0.0,0.0,0.0,0.0
flopoco_00346_fpcomparator,-0.5097488,-1.4501315,-0.3503103,-0.3400631,-0.54597914,-0.28429118,-0.35716704,-0.47577927,0.0,0.0,-0.67709637,-0.97731227,0.0,0.0,0.0,0.0
flopoco_00347_fpdiv,-0.62474185,-0.63398534,-0.25115103,-0.3029212,-0.17208016,-0.28429118,1.6441369,1.74951,0.0,0.0,2.0258894,0.05191922,0.0,0.0,0.0,0.0
flopoco_00348_fpadd,-0.62474185,-0.63398534,-0.14480633,-0.2748896,-0.41100317,-0.28429118,-0.34252772,-0.36494583,0.0,0.0,0.43791538,-0.6395924,0.0,0.0,0.0,0.0
flopoco_00349_fpadd,-0.62474185,-0.63398534,-0.23678014,-0.32674807,-0.41410607,-0.28429118,-0.35766327,-0.40558475,0.0,0.0,-0.3116627,-0.6183447,0.0,0.0,0.0,0.0
flopoco_00350_fpcomparator,0.29520255,-1.4501315,-0.3503103,-0.3400631,-0.54597914,-0.28429118,-0.35543016,-0.47577927,0.0,0.0,-0.67709637,-0.9174278,0.0,0.0,0.0,0.0
flopoco_00351_fpconstdiv,-1.084714,-0.53196704,-0.3503103,-0.33445677,-0.476164,-0.28429118,0.090076,0.12025838,0.0,0.0,0.44515073,0.34610456,0.0,0.0,0.0,0.0
flopoco_00352_fpconstmult,-0.27976272,0.8962888,-0.3503103,-0.3610868,0.12424643,-0.28429118,-0.3595242,-0.45607555,0.0,0.0,-0.96692306,2.0616562,0.0,0.0,0.0,0.0
flopoco_00353_fpcomparator,0.75517476,-1.3481133,-0.3503103,-0.3099291,-0.54597914,-0.28429118,-0.35443765,-0.47577927,0.0,0.0,-0.5122643,-0.96055377,0.0,0.0,0.0,0.0
flopoco_00354_fpconstdiv,-1.1422106,-0.63398534,-0.3503103,-0.347071,-0.48547268,-0.28429118,-0.34352022,-0.42528847,0.0,0.0,0.1485797,-0.45017624,0.0,0.0,0.0,0.0
flopoco_00355_fpcomparator,-0.62474185,-1.3991225,-0.3503103,-0.3099291,-0.54597914,-0.28429118,-0.35741514,-0.47577927,0.0,0.0,-0.50766605,-1.0186332,0.0,0.0,0.0,0.0
flopoco_00356_fpsqrt,-0.6822384,0.18216088,0.18716161,-0.34566942,0.09166602,-0.28429118,-0.35946217,-0.26519573,0.0,0.0,0.7906184,0.29382825,0.0,0.0,0.0,0.0
flopoco_00357_fpconstdiv,0.23770604,1.8144535,-0.009719812,-0.36388996,0.5741664,-0.28429118,-0.3598964,-0.44622368,0.0,0.0,-0.54268396,4.831486,0.0,0.0,0.0,0.0
flopoco_00358_fpconstdiv,-1.084714,-0.53196704,-0.3503103,-0.33585835,-0.5180531,-0.28429118,-0.31275287,-0.37295046,0.0,0.0,-0.48044187,-0.31078362,0.0,0.0,0.0,0.0
flopoco_00359_fpadd,2.1350915,1.8144535,0.5033215,-0.17327498,-0.09140486,-0.28429118,-0.339054,0.072230555,0.0,0.0,0.89115083,0.33370847,0.0,0.0,0.0,0.0
flopoco_00360_fpconstmult,0.23770604,1.9674809,-0.20516413,-0.36388996,0.25456807,-0.28429118,-0.3595242,-0.44437647,0.0,0.0,-0.8773707,3.0289733,0.0,0.0,0.0,0.0
flopoco_00361_fpmult,0.75517476,0.590234,-0.3503103,2.72169,-0.2667185,0.8494931,1.7630502,1.0875881,0.0,0.0,-0.31173927,-0.6463569,0.0,0.0,0.0,0.0
flopoco_00362_fpconstmult,-1.084714,-0.53196704,-0.3503103,-0.3610868,-0.21396926,-0.28429118,-0.3595242,-0.47085333,0.0,0.0,-0.96692306,0.42612436,0.0,0.0,0.0,0.0
flopoco_00363_fpcomparator,0.29520255,-1.3991225,-0.3503103,-0.33025202,-0.54597914,-0.28429118,-0.35543016,-0.47577927,0.0,0.0,-0.59461606,-0.94579583,0.0,0.0,0.0,0.0
flopoco_00364_fpsqrt,-1.084714,-0.53196704,-0.15342887,-0.3540789,-0.33343077,-0.28429118,-0.35946217,-0.4166681,0.0,0.0,0.16348253,-0.3020929,0.0,0.0,0.0,0.0
flopoco_00365_fpcomparator,2.1350915,-1.4501315,-0.3503103,-0.3400631,-0.54597914,-0.28429118,-0.3514602,-0.47577927,0.0,0.0,-0.67709637,-0.7805488,0.0,0.0,0.0,0.0
flopoco_00366_ieeefpadd,-0.7397349,-0.73600364,-0.07726307,-0.24265324,-0.41255462,-0.28429118,-0.35524407,-0.3199967,0.0,0.0,0.6623871,-0.677262,0.0,0.0,0.0,0.0
flopoco_00367_fpcomparator,2.1350915,-1.3991225,-0.3503103,-0.33025202,-0.54597914,-0.28429118,-0.3514602,-0.47577927,0.0,0.0,-0.59461606,-0.83601475,0.0,0.0,0.0,0.0
flopoco_00368_fpconstdiv,-1.1422106,-0.63398534,-0.2870783,-0.36388996,-0.37531987,-0.28429118,-0.3598964,-0.47393206,0.0,0.0,-0.63641894,0.15112752,0.0,0.0,0.0,0.0
flopoco_00369_fpmult,1.1001539,0.8962888,-0.3503103,2.0874746,-0.22327796,1.9832773,1.1379025,0.55743474,0.0,0.0,-0.120552294,-0.6839945,0.0,0.0,0.0,0.0
flopoco_00370_fpdiv,-0.62474185,-0.63398534,-0.23678014,-0.31623623,0.03426244,-0.28429118,-0.13125037,-0.13712151,0.0,0.0,-0.3645979,-0.13490812,0.0,0.0,0.0,0.0
flopoco_00371_fpdiv,-0.62474185,-0.63398534,-0.24971394,-0.3176378,-0.15346278,-0.28429118,-0.282916,-0.31507078,0.0,0.0,-0.037456907,-0.38307622,0.0,0.0,0.0,0.0
flopoco_00372_fpcomparator,2.1350915,-1.2460951,-0.3503103,-0.30572435,-0.54597914,-0.28429118,-0.3514602,-0.47577927,0.0,0.0,-0.46682745,-0.9111705,0.0,0.0,0.0,0.0
flopoco_00373_fpconstmult,-1.1422106,-0.63398534,-0.3503103,-0.3624884,-0.44203213,-0.28429118,-0.3595242,-0.4733163,0.0,0.0,-0.96371096,-0.3661099,0.0,0.0,0.0,0.0
flopoco_00374_fpdiv,2.1350915,1.8144535,1.3569534,-0.12632203,4.5474253,-0.28429118,7.6506543,8.434614,0.0,0.0,0.2162617,0.10977779,0.0,0.0,0.0,0.0
flopoco_00375_fpconstmult,-0.6822384,0.18216088,-0.24827686,-0.3610868,-0.06968459,-0.28429118,-0.3595242,-0.46346444,0.0,0.0,-0.78549343,0.88055605,0.0,0.0,0.0,0.0
flopoco_00376_fpmult,-0.62474185,-0.63398534,-0.3503103,0.025749467,-0.41565752,-0.28429118,-0.07362363,-0.14512615,0.0,0.0,-0.4522179,-0.60691786,0.0,0.0,0.0,0.0
flopoco_00377_fpconstdiv,-1.1422106,-0.63398534,-0.3503103,-0.3386615,-0.48392123,-0.28429118,-0.21921022,-0.23564014,0.0,0.0,0.09350661,0.04827875,0.0,0.0,0.0,0.0
flopoco_00378_fpadd,0.29520255,0.18216088,-0.060017984,-0.20551135,-0.1410512,-0.28429118,-0.35735312,-0.21039474,0.0,0.0,0.45895532,-0.003902393,0.0,0.0,0.0,0.0
flopoco_00379_fpconstdiv,-0.45225227,0.590234,-0.3503103,-0.36388996,0.20647319,-0.28429118,-0.3598964,-0.45977,0.0,0.0,-0.63641894,3.3584526,0.0,0.0,0.0,0.0
flopoco_00380_ieeefpfma,3.9749804,1.7124351,3.8445573,0.1757186,0.71379673,2.646956,-0.3585317,1.6965563,0.0,0.0,4.691882,0.50973046,0.0,0.0,0.0,0.0
flopoco_00381_fpmult,-0.62474185,-0.63398534,-0.29282665,-0.05273905,-0.41565752,-0.28429118,-0.12300025,-0.20731603,0.0,0.0,-0.58701974,-0.59566987,0.0,0.0,0.0,0.0
flopoco_00382_fpdiv,0.29520255,0.18216088,1.6716762,-0.26297614,1.8416996,-0.28429118,0.15192084,0.28527707,0.0,0.0,1.9093442,0.0120946225,0.0,0.0,0.0,0.0
flopoco_00383_fpconstmult,0.23770604,1.8144535,-0.3503103,-0.3610868,0.97444004,-0.28429118,-0.3595242,-0.44560796,0.0,0.0,-0.9705634,4.504053,0.0,0.0,0.0,0.0
flopoco_00384_fpconstdiv,-0.6822384,0.18216088,-0.21809795,-0.36388996,-0.15811713,-0.28429118,-0.3598964,-0.46408018,0.0,0.0,-0.62109125,1.5132757,0.0,0.0,0.0,0.0
flopoco_00385_fpconstdiv,-0.45225227,0.590234,-0.3503103,-0.36388996,0.20647319,-0.28429118,-0.3598964,-0.45977,0.0,0.0,-0.63641894,3.3584526,0.0,0.0,0.0,0.0
flopoco_00386_fpconstdiv,-1.1422106,-0.63398534,-0.3503103,-0.34286624,-0.48392123,-0.28429118,-0.2843427,-0.336006,0.0,0.0,0.47040772,-0.15340585,0.0,0.0,0.0,0.0
flopoco_00387_fpconstdiv,-1.1422106,-0.63398534,-0.3503103,-0.34987414,-0.51339877,-0.28429118,-0.34624958,-0.4376033,0.0,0.0,-0.50539833,-0.4839552,0.0,0.0,0.0,0.0
flopoco_00388_fpconstmult,-1.1422106,-0.37893963,-0.3503103,-0.36388996,-0.42186332,-0.28429118,-0.3595242,-0.46900612,0.0,0.0,-1.0288087,-0.06808341,0.0,0.0,0.0,0.0
flopoco_00389_fpadd,0.29520255,0.18216088,-0.1476805,-0.31413385,-0.3179163,-0.28429118,-0.35766327,-0.3095291,0.0,0.0,0.00028881023,-0.18884642,0.0,0.0,0.0,0.0
flopoco_00390_fpcomparator,0.75517476,-1.3991225,-0.3503103,-0.33025202,-0.54597914,-0.28429118,-0.35443765,-0.47577927,0.0,0.0,-0.59461606,-0.9183506,0.0,0.0,0.0,0.0
flopoco_00391_fpconstmult,-0.6822384,0.28417918,-0.3503103,-0.3624884,-0.5180531,-0.28429118,-0.3595242,-0.47824225,0.0,0.0,-1.0943348,-0.76726615,0.0,0.0,0.0,0.0
flopoco_00392_fpcomparator,2.1350915,-1.4501315,-0.3503103,-0.3533781,-0.54597914,-0.28429118,-0.35536814,-0.476395,0.0,0.0,-0.82776827,-0.82279974,0.0,0.0,0.0,0.0
flopoco_00393_fpdiv,0.29520255,0.18216088,0.71457386,-0.2797951,0.70448804,-0.28429118,-0.21852788,-0.17406599,0.0,0.0,0.24643387,-0.1948864,0.0,0.0,0.0,0.0
flopoco_00394_fpconstmult,-1.1422106,-0.63398534,-0.3503103,-0.3624884,-0.43272346,-0.28429118,-0.3595242,-0.47146907,0.0,0.0,-0.96371096,-0.28162995,0.0,0.0,0.0,0.0
flopoco_00395_fpdiv,-0.62474185,-0.63398534,0.19865833,-0.30572435,0.27318546,-0.28429118,-0.07461613,-0.05276495,0.0,0.0,0.5306871,-0.11928116,0.0,0.0,0.0,0.0
flopoco_00396_fpadd,2.1350915,1.8144535,0.043452542,-0.073061965,0.24681084,-0.28429118,-0.35729107,0.13195747,0.0,0.0,0.9360621,1.0185184,0.0,0.0,0.0,0.0
flopoco_00397_fpcomparator,1.1001539,-1.2460951,-0.3503103,-0.30572435,-0.54597914,-0.28429118,-0.35369328,-0.47577927,0.0,0.0,-0.46682745,-0.95226884,0.0,0.0,0.0,0.0
flopoco_00398_fpmult,-0.62474185,-0.63398534,-0.3503103,0.025749467,-0.41565752,-0.28429118,-0.07362363,-0.14512615,0.0,0.0,-0.4522179,-0.60691786,0.0,0.0,0.0,0.0
flopoco_00399_fpcomparator,-0.62474185,-1.4501315,-0.3503103,-0.3533781,-0.54597914,-0.28429118,-0.3583456,-0.476395,0.0,0.0,-0.82776827,-0.9883114,0.0,0.0,0.0,0.0
flopoco_00400_fpmult,-0.62474185,-0.63398534,-0.3503103,0.5317201,-0.41720897,-0.28429118,0.29384762,0.18183252,0.0,0.0,-0.3287301,-0.6194492,0.0,0.0,0.0,0.0
flopoco_00401_fpmult,0.29520255,0.18216088,-0.3503103,0.41048336,-0.31326196,0.8494931,0.11122855,-0.12419095,0.0,0.0,-0.4794855,-0.67459255,0.0,0.0,0.0,0.0
flopoco_00402_fpcomparator,2.1350915,-1.3991225,-0.3503103,-0.3099291,-0.54597914,-0.28429118,-0.3514602,-0.47577927,0.0,0.0,-0.50766605,-0.9031873,0.0,0.0,0.0,0.0
flopoco_00403_fpsqrt,-0.45225227,0.590234,0.092313625,-0.3400631,0.49504253,-0.28429118,-0.35946217,-0.11495483,0.0,0.0,0.14810331,0.7426656,0.0,0.0,0.0,0.0
flopoco_00404_fpconstmult,-0.27976272,0.8962888,-0.23103176,-0.3610868,-0.037104174,-0.28429118,-0.3595242,-0.45607555,0.0,0.0,-0.8187094,1.335789,0.0,0.0,0.0,0.0
flopoco_00405_fpconstdiv,-0.27976272,0.8962888,-0.2712703,-0.32184252,-0.50719297,-0.28429118,-0.18496916,-0.16175117,0.0,0.0,-0.41905618,-0.12935066,0.0,0.0,0.0,0.0
flopoco_00406_fpconstmult,-0.6822384,0.28417918,-0.24683976,-0.3610868,-0.11002224,-0.28429118,-0.3595242,-0.46223298,0.0,0.0,-0.73155653,0.88794816,0.0,0.0,0.0,0.0
flopoco_00407_fpsqrt,-0.45225227,0.590234,-0.08301143,-0.3400631,1.5531301,-0.28429118,-0.35946217,-0.057075135,0.0,0.0,-0.25705767,1.2719775,0.0,0.0,0.0,0.0
flopoco_00408_fpconstmult,-0.45225227,0.590234,-0.3503103,-0.3624884,-0.5180531,-0.28429118,-0.3595242,-0.47824225,0.0,0.0,-1.0943348,-0.76726615,0.0,0.0,0.0,0.0
flopoco_00409_fpsqrt,-0.6822384,0.18216088,0.011836547,-0.34566942,0.7339656,-0.28429118,-0.35946217,-0.22209382,0.0,0.0,-0.09281932,0.68709296,0.0,0.0,0.0,0.0
flopoco_00410_fpmult,-0.62474185,-0.63398534,-0.2712703,0.025749467,-0.41565752,-0.28429118,-0.07362363,-0.14512615,0.0,0.0,-0.452336,-0.6052995,0.0,0.0,0.0,0.0
flopoco_00411_fpmult,0.75517476,0.590234,-0.22384632,2.681044,-0.2574098,0.8494931,1.7440068,1.075889,0.0,0.0,-0.33599672,-0.6439874,0.0,0.0,0.0,0.0
flopoco_00412_fpsqrt,-0.6822384,0.18216088,-0.10887907,-0.34566942,0.09166602,-0.28429118,-0.35946217,-0.26519573,0.0,0.0,-0.0074347025,0.356695,0.0,0.0,0.0,0.0
flopoco_00413_fpmult,1.1001539,0.8962888,-0.3503103,2.7532253,-0.14570555,3.172368,1.497868,0.9816806,0.0,0.0,-0.14579387,-0.68796366,0.0,0.0,0.0,0.0
flopoco_00414_ieeefpfma,-0.16476965,-0.73600364,-0.21666086,-0.18588921,-0.13019106,0.32408085,-0.35865575,-0.012741758,0.0,0.0,1.0779072,-0.40916368,0.0,0.0,0.0,0.0
flopoco_00415_fpsqrt,-1.084714,-0.53196704,-0.25977358,-0.3540789,-0.33343077,-0.28429118,-0.35946217,-0.4166681,0.0,0.0,-0.2689715,-0.26331455,0.0,0.0,0.0,0.0
flopoco_00416_fpdiv,2.1350915,1.8144535,2.811289,-0.15855838,8.728578,-0.28429118,0.71826327,1.128227,0.0,0.0,1.6959318,0.3061206,0.0,0.0,0.0,0.0
flopoco_00417_fpmult,-0.62474185,-0.63398534,-0.3503103,-0.007888468,-0.40945172,-0.28429118,-0.08714637,-0.15867247,0.0,0.0,-0.5459469,-0.5915074,0.0,0.0,0.0,0.0
flopoco_00418_fpcomparator,2.1350915,-1.3991225,-0.3503103,-0.3099291,-0.54597914,-0.28429118,-0.3514602,-0.47577927,0.0,0.0,-0.50766605,-0.9031873,0.0,0.0,0.0,0.0
flopoco_00419_fpadd,-0.62474185,-0.63398534,-0.15342887,-0.27699196,-0.40169448,-0.28429118,-0.34234163,-0.3797236,0.0,0.0,0.43791538,-0.65905523,0.0,0.0,0.0,0.0
flopoco_00420_fpconstdiv,0.23770604,1.8144535,-0.09738234,-0.27559036,-0.16742583,-0.28429118,0.13250516,0.38133273,0.0,0.0,0.4066697,0.28444856,0.0,0.0,0.0,0.0
flopoco_00421_fpcomparator,0.75517476,-1.4501315,-0.3503103,-0.3400631,-0.54597914,-0.28429118,-0.35443765,-0.47577927,0.0,0.0,-0.67709637,-0.88320804,0.0,0.0,0.0,0.0
flopoco_00422_fpconstmult,-1.1422106,-0.53196704,-0.3503103,-0.3624884,-0.42962056,-0.28429118,-0.3595242,-0.4702376,0.0,0.0,-0.9894074,-0.24408329,0.0,0.0,0.0,0.0
flopoco_00423_fpconstmult,-0.6822384,0.18216088,-0.3503103,-0.3610868,-0.28999022,-0.28429118,-0.3595242,-0.46346444,0.0,0.0,-0.89047605,0.44382495,0.0,0.0,0.0,0.0
flopoco_00424_fpcomparator,2.1350915,-1.2460951,-0.3503103,-0.30572435,-0.54597914,-0.28429118,-0.3514602,-0.47577927,0.0,0.0,-0.46682745,-0.9111705,0.0,0.0,0.0,0.0
flopoco_00425_fpmult,-0.62474185,-0.63398534,-0.3503103,0.4742553,-0.42341477,-0.28429118,0.22406282,0.029744398,0.0,0.0,-0.3910953,-0.63766474,0.0,0.0,0.0,0.0
flopoco_00426_fpsqrt,-1.1422106,-0.63398534,-0.3503103,-0.35688207,-0.3086076,-0.28429118,-0.35946217,-0.43390885,0.0,0.0,-0.4863988,-0.15913008,0.0,0.0,0.0,0.0
flopoco_00427_fpmult,2.1350915,1.8144535,0.001776913,4.590698,-0.11002224,4.250846,2.5023348,1.3012503,0.0,0.0,0.07531313,-0.70457006,0.0,0.0,0.0,0.0
flopoco_00428_fpconstdiv,-1.1422106,-0.63398534,-0.3503103,-0.35127574,-0.49788427,-0.28429118,-0.2895533,-0.3557097,0.0,0.0,-0.20780611,-0.0356627,0.0,0.0,0.0,0.0
flopoco_00429_ieeefpadd,-0.7397349,-0.73600364,-0.090196885,-0.24265324,-0.40324593,-0.28429118,-0.3539414,-0.3273856,0.0,0.0,0.6623871,-0.677262,0.0,0.0,0.0,0.0
flopoco_00430_fpconstdiv,-1.1422106,-0.63398534,-0.3503103,-0.3393623,-0.51960456,-0.28429118,-0.20574951,-0.24980219,0.0,0.0,-0.48133355,0.041891366,0.0,0.0,0.0,0.0
flopoco_00431_fpdiv,1.1001539,0.8962888,2.2335787,-0.24195243,1.9797785,-0.28429118,-0.15413979,-0.033676963,0.0,0.0,1.1942062,-0.039574116,0.0,0.0,0.0,0.0
flopoco_00432_ieeefpadd,0.18020952,0.08014261,-0.1333096,-0.18448763,-0.3055047,-0.28429118,-0.3527008,-0.14512615,0.0,0.0,0.595417,-0.34791473,0.0,0.0,0.0,0.0
flopoco_00433_fpconstdiv,-1.1422106,-0.63398534,-0.24971394,-0.36388996,-0.3535996,-0.28429118,-0.3598964,-0.47270057,0.0,0.0,-0.53504694,0.22538988,0.0,0.0,0.0,0.0
flopoco_00434_fpconstmult,-0.6822384,0.18216088,-0.3503103,-0.3624884,-0.19069754,-0.28429118,-0.3595242,-0.46346444,0.0,0.0,-1.0215281,0.94265884,0.0,0.0,0.0,0.0
flopoco_00435_fpadd,0.29520255,0.18216088,-0.3503103,-0.31553543,-0.3179163,-0.28429118,-0.35766327,-0.3095291,0.0,0.0,0.026637407,-0.21779376,0.0,0.0,0.0,0.0
flopoco_00436_fpadd,2.1350915,1.8144535,0.95456797,-0.17257419,-0.085199066,-0.28429118,-0.339054,0.072230555,0.0,0.0,0.7665552,0.37318516,0.0,0.0,0.0,0.0
flopoco_00437_fpconstmult,-0.6822384,0.18216088,-0.3503103,-0.3610868,-0.06968459,-0.28429118,-0.3595242,-0.46346444,0.0,0.0,-0.98512477,1.1357559,0.0,0.0,0.0,0.0
flopoco_00438_fpconstdiv,-1.084714,-0.53196704,-0.3503103,-0.36388996,-0.32257062,-0.28429118,-0.3598964,-0.47146907,0.0,0.0,-0.75630367,0.7153208,0.0,0.0,0.0,0.0
flopoco_00439_fpdiv,0.29520255,0.18216088,0.16273107,-0.26297614,1.8416996,-0.28429118,0.15192084,0.28527707,0.0,0.0,0.10004187,0.039952375,0.0,0.0,0.0,0.0
flopoco_00440_fpcomparator,-0.62474185,-1.4501315,-0.3503103,-0.3400631,-0.54597914,-0.28429118,-0.35741514,-0.47577927,0.0,0.0,-0.67709637,-0.9858672,0.0,0.0,0.0,0.0
flopoco_00441_fpconstdiv,-0.6822384,0.18216088,-0.2899525,-0.31483462,-0.5118473,-0.28429118,-0.27739525,-0.2916726,0.0,0.0,-0.40700758,-0.33091483,0.0,0.0,0.0,0.0
flopoco_00442_fpconstmult,-1.084714,-0.37893963,-0.3503103,-0.36388996,-0.40790027,-0.28429118,-0.3595242,-0.46962187,0.0,0.0,-1.0579314,0.016396543,0.0,0.0,0.0,0.0
flopoco_00443_fpconstmult,-1.084714,-0.42994878,-0.3503103,-0.3610868,-0.2636156,-0.28429118,-0.3595242,-0.46962187,0.0,0.0,-0.96692306,0.22337249,0.0,0.0,0.0,0.0
flopoco_00444_fpconstmult,-1.1422106,-0.63398534,-0.3503103,-0.3610868,-0.40479738,-0.28429118,-0.3595242,-0.47146907,0.0,0.0,-0.89047605,-0.25615188,0.0,0.0,0.0,0.0
flopoco_00445_fpmult,0.75517476,0.590234,-0.22097214,2.9319272,-0.19224899,1.9832773,1.7442548,1.1719446,0.0,0.0,-0.1999621,-0.66784304,0.0,0.0,0.0,0.0
flopoco_00446_fpdiv,1.1001539,0.8962888,4.328857,-0.22092873,4.103711,-0.28429118,0.3784578,0.6227034,0.0,0.0,3.9021537,0.10329542,0.0,0.0,0.0,0.0
flopoco_00447_fpcomparator,0.29520255,-1.3991225,-0.3503103,-0.3099291,-0.54597914,-0.28429118,-0.35543016,-0.47577927,0.0,0.0,-0.50766605,-0.9801513,0.0,0.0,0.0,0.0
flopoco_00448_fpconstdiv,-0.27976272,0.8962888,0.15123434,-0.36388996,0.41436723,-0.28429118,-0.3598964,-0.45730704,0.0,0.0,-0.26919207,2.9586627,0.0,0.0,0.0,0.0
flopoco_00449_fpsqrt,-0.6822384,0.18216088,-0.018342355,-0.34566942,0.7339656,-0.28429118,-0.35946217,-0.22209382,0.0,0.0,-0.091058336,0.72781265,0.0,0.0,0.0,0.0
flopoco_00450_fpcomparator,-0.62474185,-1.3991225,-0.3503103,-0.3099291,-0.54597914,-0.28429118,-0.35741514,-0.47577927,0.0,0.0,-0.50766605,-1.0186332,0.0,0.0,0.0,0.0
flopoco_00451_fpmult,0.75517476,0.590234,-0.12899834,2.72169,-0.2667185,0.8494931,1.7630502,1.0875881,0.0,0.0,-0.31302303,-0.6450959,0.0,0.0,0.0,0.0
flopoco_00452_fpcomparator,0.75517476,-1.4501315,-0.3503103,-0.3400631,-0.54597914,-0.28429118,-0.35443765,-0.47577927,0.0,0.0,-0.67709637,-0.88320804,0.0,0.0,0.0,0.0
flopoco_00453_fpconstdiv,0.23770604,1.8144535,-0.3503103,-0.26577932,-0.16742583,-0.28429118,0.020477295,0.24340665,0.0,0.0,0.7592492,0.107078336,0.0,0.0,0.0,0.0
flopoco_00454_fpsqrt,0.23770604,1.8144535,0.8654684,-0.3253465,4.657578,-0.28429118,-0.35946217,0.5635922,0.0,0.0,0.43821865,2.447832,0.0,0.0,0.0,0.0
flopoco_00455_fpdiv,-0.5097488,-0.53196704,0.06357181,-0.30502358,0.32438326,-0.28429118,-0.07461613,-0.052149206,0.0,0.0,0.21328579,-0.104215406,0.0,0.0,0.0,0.0
flopoco_00457_fpconstmult,-1.1422106,-0.5829762,-0.3503103,-0.36388996,-0.33343077,-0.28429118,-0.3595242,-0.47146907,0.0,0.0,-1.0822003,0.21981533,0.0,0.0,0.0,0.0
flopoco_00458_fpconstmult,-0.27976272,1.1513345,-0.3503103,-0.36388996,-0.5087444,-0.28429118,-0.3595242,-0.47824225,0.0,0.0,-1.1744221,-0.6172031,0.0,0.0,0.0,0.0
flopoco_00459_fpmult,1.1001539,0.8962888,-0.104567796,2.4294603,-0.14570555,3.172368,1.3625785,0.89486104,0.0,0.0,-0.31987032,-0.6742527,0.0,0.0,0.0,0.0
flopoco_00460_fpconstdiv,-0.27976272,0.8962888,-0.23678014,-0.36388996,0.20957609,-0.28429118,-0.3598964,-0.4566913,0.0,0.0,-0.60652983,3.6341465,0.0,0.0,0.0,0.0
flopoco_00461_fpconstmult,-0.6822384,0.18216088,-0.2683961,-0.3610868,-0.2698214,-0.28429118,-0.3595242,-0.46346444,0.0,0.0,-0.7343461,0.3472763,0.0,0.0,0.0,0.0
flopoco_00462_fpadd,1.1001539,0.8962888,0.51481825,-0.18518843,-0.20931491,-0.28429118,-0.34023258,-0.086630724,0.0,0.0,1.0059805,-0.0052089375,0.0,0.0,0.0,0.0
flopoco_00463_fpadd,-0.62474185,-0.63398534,-0.3503103,-0.27769274,-0.40169448,-0.28429118,-0.34234163,-0.3797236,0.0,0.0,0.6013843,-0.6723093,0.0,0.0,0.0,0.0
flopoco_00464_fpcomparator,0.75517476,-1.4501315,-0.3503103,-0.3400631,-0.54597914,-0.28429118,-0.35443765,-0.47577927,0.0,0.0,-0.67709637,-0.88320804,0.0,0.0,0.0,0.0
flopoco_00465_fpconstmult,-0.6822384,0.18216088,-0.3503103,-0.3610868,-0.12088238,-0.28429118,-0.3595242,-0.46346444,0.0,0.0,-0.9692972,1.0019959,0.0,0.0,0.0,0.0
flopoco_00466_fpconstmult,-1.1422106,-0.63398534,-0.3503103,-0.3624884,-0.5180531,-0.28429118,-0.3595242,-0.47824225,0.0,0.0,-1.0943348,-0.76726615,0.0,0.0,0.0,0.0
flopoco_00467_fpconstmult,0.23770604,1.8144535,-0.3503103,-0.3624884,-0.5087444,-0.28429118,-0.3595242,-0.47824225,0.0,0.0,-1.0943348,-0.6872325,0.0,0.0,0.0,0.0
flopoco_00468_fpmult,0.75517476,0.590234,-0.1333096,2.5920436,-0.19224899,1.9832773,1.5934576,1.075889,0.0,0.0,-0.39904693,-0.6546097,0.0,0.0,0.0,0.0
flopoco_00469_fpconstmult,-0.27976272,1.0493163,-0.15486597,-0.36388996,0.21112753,-0.28429118,-0.3595242,-0.45484406,0.0,0.0,-0.9435209,2.4641302,0.0,0.0,0.0,0.0
flopoco_00470_fpmult,2.1350915,1.8144535,-0.3503103,4.7231474,-0.11002224,4.250846,2.5527039,1.3351161,0.0,0.0,0.1016309,-0.7089166,0.0,0.0,0.0,0.0
flopoco_00471_fpconstdiv,0.23770604,1.8144535,-0.3503103,-0.27559036,-0.16742583,-0.28429118,0.13250516,0.38133273,0.0,0.0,0.39978075,0.27960557,0.0,0.0,0.0,0.0
flopoco_00472_fpmult,2.1350915,1.8144535,0.001776913,4.590698,-0.11002224,4.250846,2.5023348,1.3012503,0.0,0.0,0.07531313,-0.70457006,0.0,0.0,0.0,0.0
flopoco_00473_fpcomparator,0.29520255,-1.3991225,-0.3503103,-0.33025202,-0.54597914,-0.28429118,-0.35543016,-0.47577927,0.0,0.0,-0.59461606,-0.94579583,0.0,0.0,0.0,0.0
flopoco_00474_fpcomparator,-0.62474185,-1.3991225,-0.3503103,-0.3099291,-0.54597914,-0.28429118,-0.35741514,-0.47577927,0.0,0.0,-0.50766605,-1.0186332,0.0,0.0,0.0,0.0
flopoco_00475_fpconstmult,-0.27976272,0.8962888,-0.25115103,-0.3610868,-0.24810113,-0.28429118,-0.3595242,-0.45607555,0.0,0.0,-0.79470724,0.6184466,0.0,0.0,0.0,0.0
flopoco_00476_fpconstdiv,-0.6822384,0.18216088,-0.3503103,-0.36388996,-0.15811713,-0.28429118,-0.3598964,-0.46408018,0.0,0.0,-0.73758197,1.8887295,0.0,0.0,0.0,0.0
flopoco_00477_fpconstmult,-0.27976272,0.9983071,-0.3503103,-0.3624884,-0.10536789,-0.28429118,-0.3595242,-0.45484406,0.0,0.0,-1.0042844,1.6341878,0.0,0.0,0.0,0.0
flopoco_00478_fpmult,-0.62474185,-0.63398534,-0.3503103,0.5317201,-0.41720897,-0.28429118,0.29384762,0.18183252,0.0,0.0,-0.3287301,-0.6194492,0.0,0.0,0.0,0.0
flopoco_00479_fpcomparator,-0.62474185,-1.2460951,-0.3503103,-0.30572435,-0.54597914,-0.28429118,-0.35741514,-0.47577927,0.0,0.0,-0.46682745,-1.0207661,0.0,0.0,0.0,0.0
flopoco_00480_fpmult,-0.5097488,-0.53196704,-0.3503103,0.5317201,-0.41255462,-0.28429118,0.30532333,0.13442042,0.0,0.0,-0.39495492,-0.6171138,0.0,0.0,0.0,0.0
flopoco_00481_fpsqrt,0.23770604,1.8144535,2.8817065,-0.3253465,4.657578,-0.28429118,-0.35946217,0.5635922,0.0,0.0,2.5707028,2.1203208,0.0,0.0,0.0,0.0
flopoco_00482_fpcomparator,-0.62474185,-1.4501315,-0.3503103,-0.3400631,-0.54597914,-0.28429118,-0.35741514,-0.47577927,0.0,0.0,-0.67709637,-0.9858672,0.0,0.0,0.0,0.0
flopoco_00483_fpmult,2.1350915,1.8144535,0.001776913,4.7231474,-0.11002224,4.250846,2.5527039,1.3351161,0.0,0.0,0.100544706,-0.70737994,0.0,0.0,0.0,0.0
flopoco_00484_fpmult,2.1350915,1.8144535,-0.3503103,5.622261,0.020299407,6.5184145,3.052115,2.1201863,0.0,0.0,-0.05659389,-0.70497704,0.0,0.0,0.0,0.0
flopoco_00485_fpdiv,-0.62474185,-0.63398534,-0.14336924,-0.3176378,-0.15346278,-0.28429118,-0.282916,-0.31507078,0.0,0.0,-0.15611678,-0.38808486,0.0,0.0,0.0,0.0
flopoco_00486_fpadd,-0.5097488,-0.53196704,-0.28132993,-0.26227537,-0.3954887,-0.28429118,-0.3422796,-0.34585783,0.0,0.0,0.26525134,-0.6111742,0.0,0.0,0.0,0.0
flopoco_00487_fpadd,1.1001539,0.8962888,0.020459091,-0.18448763,-0.20621203,-0.28429118,-0.34023258,-0.086630724,0.0,0.0,0.49869636,-0.08946572,0.0,0.0,0.0,0.0
flopoco_00488_fpconstdiv,-0.6822384,0.18216088,-0.3503103,-0.31483462,-0.3954887,-0.28429118,-0.16970955,-0.11926501,0.0,0.0,0.6014186,0.0027306357,0.0,0.0,0.0,0.0
flopoco_00489_fpcomparator,1.1001539,-1.4501315,-0.3503103,-0.3400631,-0.54597914,-0.28429118,-0.35369328,-0.47577927,0.0,0.0,-0.67709637,-0.85754323,0.0,0.0,0.0,0.0
flopoco_00490_fpcomparator,2.1350915,-1.3991225,-0.3503103,-0.3099291,-0.54597914,-0.28429118,-0.3514602,-0.47577927,0.0,0.0,-0.50766605,-0.9031873,0.0,0.0,0.0,0.0
flopoco_00491_fpadd,-0.5097488,-0.53196704,-0.3503103,-0.26227537,-0.3954887,-0.28429118,-0.3422796,-0.34585783,0.0,0.0,0.3093538,-0.6194097,0.0,0.0,0.0,0.0
flopoco_00492_fpsqrt,-1.1422106,-0.63398534,-0.20660123,-0.3547797,-0.36135682,-0.28429118,-0.35946217,-0.42528847,0.0,0.0,0.059274945,-0.33214435,0.0,0.0,0.0,0.0
flopoco_00493_fpconstmult,-0.27976272,1.0493163,-0.3503103,-0.36388996,-0.043309968,-0.28429118,-0.3595242,-0.45484406,0.0,0.0,-1.0822003,2.1228375,0.0,0.0,0.0,0.0
flopoco_00494_fpconstmult,-1.1422106,-0.48095793,-0.3503103,-0.36388996,-0.42651767,-0.28429118,-0.3595242,-0.47208482,0.0,0.0,-0.99968606,-0.15256336,0.0,0.0,0.0,0.0
flopoco_00495_fpconstdiv,-0.6822384,0.18216088,-0.2712703,-0.36388996,-0.037104174,-0.28429118,-0.3598964,-0.46408018,0.0,0.0,-0.47547778,1.9277555,0.0,0.0,0.0,0.0
flopoco_00496_fpcomparator,-0.62474185,-1.4501315,-0.3503103,-0.3400631,-0.54597914,-0.28429118,-0.35741514,-0.47577927,0.0,0.0,-0.67709637,-0.9858672,0.0,0.0,0.0,0.0
flopoco_00497_fpconstmult,-1.084714,-0.53196704,-0.26408485,-0.3610868,-0.2636156,-0.28429118,-0.3595242,-0.47085333,0.0,0.0,-0.80687386,0.20647644,0.0,0.0,0.0,0.0
flopoco_00498_fpmult,-0.5097488,-0.53196704,-0.3503103,0.5317201,-0.40634882,-0.28429118,0.30532333,0.13442042,0.0,0.0,-0.43841165,-0.6168942,0.0,0.0,0.0,0.0
flopoco_00499_fpconstmult,-1.1422106,-0.63398534,-0.27989286,-0.3610868,-0.31946775,-0.28429118,-0.3595242,-0.4733163,0.0,0.0,-0.7407022,-0.021716502,0.0,0.0,0.0,0.0
