design_name,fold,target,design_rows,r2,mae,rmse,true_min,true_max,true_mean,pred_mean,mean_error,model,source_path
i2c,2,total_negative_slack_ns,288,-4.354144096374512,24.866077423095703,26.65896797180176,-33.42695617675781,0.0,-7.131219863891602,17.73485565185547,24.866077423095703,linear_regression,C:\Users\DeAndre\Documents\Spring 2026\nndl\final_project\PPA-Estimation-Project\modeling\results\linear_regression\run_068\design_metrics.csv
i2c,2,total_negative_slack_ns,288,0.0225351452827453,9.31692600250244,11.390660285949709,-33.42695617675781,0.0,-7.131219863891602,0.920964539051056,8.05218505859375,mlp,C:\Users\DeAndre\Documents\Spring 2026\nndl\final_project\PPA-Estimation-Project\modeling\results\mlp\run_073\design_metrics.csv
s1196,1,total_negative_slack_ns,288,-1.106628656387329,3.810926675796509,4.207752227783203,-8.146805763244629,0.0,-2.3030331134796143,1.5078930854797363,3.810926675796509,linear_regression,C:\Users\DeAndre\Documents\Spring 2026\nndl\final_project\PPA-Estimation-Project\modeling\results\linear_regression\run_068\design_metrics.csv
s1196,1,total_negative_slack_ns,288,0.9325122237205504,0.5833835005760193,0.7531277537345886,-8.146805763244629,0.0,-2.3030331134796143,-1.9247125387191768,0.3783208131790161,mlp,C:\Users\DeAndre\Documents\Spring 2026\nndl\final_project\PPA-Estimation-Project\modeling\results\mlp\run_073\design_metrics.csv
s1196a,5,total_negative_slack_ns,288,-0.8358263969421387,3.263046264648437,3.748491525650024,-7.770129203796387,0.0,-2.162314414978028,1.1007322072982788,3.263046264648437,linear_regression,C:\Users\DeAndre\Documents\Spring 2026\nndl\final_project\PPA-Estimation-Project\modeling\results\linear_regression\run_068\design_metrics.csv
s1196a,5,total_negative_slack_ns,288,0.8456599712371826,0.8991442918777466,1.0868761539459229,-7.770129203796387,0.0,-2.162314414978028,-2.081939220428467,0.0803749859333038,mlp,C:\Users\DeAndre\Documents\Spring 2026\nndl\final_project\PPA-Estimation-Project\modeling\results\mlp\run_073\design_metrics.csv
s1196b,4,total_negative_slack_ns,288,-0.602807879447937,2.2768287658691406,3.5025267601013184,-7.770129203796387,0.0,-2.162314414978028,-0.0111479125916957,2.1511662006378174,linear_regression,C:\Users\DeAndre\Documents\Spring 2026\nndl\final_project\PPA-Estimation-Project\modeling\results\linear_regression\run_068\design_metrics.csv
s1196b,4,total_negative_slack_ns,288,0.9666818976402284,0.4135426580905914,0.5049877166748047,-7.770129203796387,0.0,-2.162314414978028,-2.1976919174194336,-0.0353776738047599,mlp,C:\Users\DeAndre\Documents\Spring 2026\nndl\final_project\PPA-Estimation-Project\modeling\results\mlp\run_073\design_metrics.csv
s1238,3,total_negative_slack_ns,288,-2.1607913970947266,5.447626113891602,5.714699745178223,-9.127351760864258,0.0,-2.787226438522339,2.660399436950684,5.447626113891602,linear_regression,C:\Users\DeAndre\Documents\Spring 2026\nndl\final_project\PPA-Estimation-Project\modeling\results\linear_regression\run_068\design_metrics.csv
s1238,3,total_negative_slack_ns,288,0.8427069783210754,0.9965697526931764,1.2748240232467651,-9.127351760864258,0.0,-2.787226438522339,-2.1623501777648926,0.6248761415481567,mlp,C:\Users\DeAndre\Documents\Spring 2026\nndl\final_project\PPA-Estimation-Project\modeling\results\mlp\run_073\design_metrics.csv
s1238a,2,total_negative_slack_ns,288,-1.6737737655639648,4.845342636108398,5.159797191619873,-8.9385986328125,0.0,-2.6519179344177246,2.193424701690674,4.845342636108398,linear_regression,C:\Users\DeAndre\Documents\Spring 2026\nndl\final_project\PPA-Estimation-Project\modeling\results\linear_regression\run_068\design_metrics.csv
s1238a,2,total_negative_slack_ns,288,-0.2423703670501709,2.921299934387207,3.5171899795532227,-8.9385986328125,0.0,-2.6519179344177246,-1.0795689821243286,1.5723490715026855,mlp,C:\Users\DeAndre\Documents\Spring 2026\nndl\final_project\PPA-Estimation-Project\modeling\results\mlp\run_073\design_metrics.csv
s13207,1,total_negative_slack_ns,288,-0.0883983373641967,37.290489196777344,57.740760803222656,-152.84768676757812,0.0,-39.19118118286133,-16.58341407775879,22.60776710510254,linear_regression,C:\Users\DeAndre\Documents\Spring 2026\nndl\final_project\PPA-Estimation-Project\modeling\results\linear_regression\run_068\design_metrics.csv
s13207,1,total_negative_slack_ns,288,0.9853572845458984,5.135186195373535,6.697298049926758,-152.84768676757812,0.0,-39.19118118286133,-38.70671463012695,0.4844627380371094,mlp,C:\Users\DeAndre\Documents\Spring 2026\nndl\final_project\PPA-Estimation-Project\modeling\results\mlp\run_073\design_metrics.csv
s13207a,5,total_negative_slack_ns,288,-0.0224843025207519,34.44440460205078,51.33162689208984,-141.1276397705078,0.0,-34.330806732177734,-17.48857879638672,16.84222412109375,linear_regression,C:\Users\DeAndre\Documents\Spring 2026\nndl\final_project\PPA-Estimation-Project\modeling\results\linear_regression\run_068\design_metrics.csv
s13207a,5,total_negative_slack_ns,288,0.9613879323005676,8.461287498474121,9.975126266479492,-141.1276397705078,0.0,-34.330806732177734,-42.56273651123047,-8.231931686401367,mlp,C:\Users\DeAndre\Documents\Spring 2026\nndl\final_project\PPA-Estimation-Project\modeling\results\mlp\run_073\design_metrics.csv
s1423,4,total_negative_slack_ns,288,-0.9514018297195436,14.783397674560549,20.996068954467773,-40.30670166015625,0.0,-14.81924819946289,-0.1303173303604126,14.68893051147461,linear_regression,C:\Users\DeAndre\Documents\Spring 2026\nndl\final_project\PPA-Estimation-Project\modeling\results\linear_regression\run_068\design_metrics.csv
s1423,4,total_negative_slack_ns,288,-0.0870112180709838,11.38753890991211,15.670455932617188,-40.30670166015625,0.0,-14.81924819946289,-3.8634517192840576,10.955796241760254,mlp,C:\Users\DeAndre\Documents\Spring 2026\nndl\final_project\PPA-Estimation-Project\modeling\results\mlp\run_073\design_metrics.csv
s1423a,3,total_negative_slack_ns,288,-0.7269853353500366,15.25319766998291,19.68341445922852,-40.89596557617188,0.0,-14.305703163146973,0.9474947452545166,15.25319766998291,linear_regression,C:\Users\DeAndre\Documents\Spring 2026\nndl\final_project\PPA-Estimation-Project\modeling\results\linear_regression\run_068\design_metrics.csv
s1423a,3,total_negative_slack_ns,288,0.1303199529647827,9.816828727722168,13.968052864074709,-40.89596557617188,0.0,-14.305703163146973,-4.8132853507995605,9.49241828918457,mlp,C:\Users\DeAndre\Documents\Spring 2026\nndl\final_project\PPA-Estimation-Project\modeling\results\mlp\run_073\design_metrics.csv
s1488,2,total_negative_slack_ns,288,-1.494255542755127,5.019405364990234,5.475803375244141,-9.541492462158203,0.0,-2.5044665336608887,2.514939069747925,5.019405364990234,linear_regression,C:\Users\DeAndre\Documents\Spring 2026\nndl\final_project\PPA-Estimation-Project\modeling\results\linear_regression\run_068\design_metrics.csv
s1488,2,total_negative_slack_ns,288,0.4694200754165649,2.08036208152771,2.525531530380249,-9.541492462158203,0.0,-2.5044665336608887,-2.662222623825073,-0.1577559113502502,mlp,C:\Users\DeAndre\Documents\Spring 2026\nndl\final_project\PPA-Estimation-Project\modeling\results\mlp\run_073\design_metrics.csv
s15850,1,total_negative_slack_ns,288,-0.2561492919921875,48.13610458374024,70.6599349975586,-176.63528442382812,0.0,-55.19429016113281,-18.81139373779297,36.38289260864258,linear_regression,C:\Users\DeAndre\Documents\Spring 2026\nndl\final_project\PPA-Estimation-Project\modeling\results\linear_regression\run_068\design_metrics.csv
s15850,1,total_negative_slack_ns,288,0.9772399067878724,6.987903118133545,9.511292457580566,-176.63528442382812,0.0,-55.19429016113281,-50.22910690307617,4.965174198150635,mlp,C:\Users\DeAndre\Documents\Spring 2026\nndl\final_project\PPA-Estimation-Project\modeling\results\mlp\run_073\design_metrics.csv
s15850a,5,total_negative_slack_ns,288,-0.2532640695571899,47.7647590637207,69.95659637451172,-183.90872192382807,0.0,-55.6925163269043,-19.484798431396484,36.20771789550781,linear_regression,C:\Users\DeAndre\Documents\Spring 2026\nndl\final_project\PPA-Estimation-Project\modeling\results\linear_regression\run_068\design_metrics.csv
s15850a,5,total_negative_slack_ns,288,0.9776862263679504,7.044668197631836,9.334562301635742,-183.90872192382807,0.0,-55.6925163269043,-51.997188568115234,3.695328950881958,mlp,C:\Users\DeAndre\Documents\Spring 2026\nndl\final_project\PPA-Estimation-Project\modeling\results\mlp\run_073\design_metrics.csv
s27,4,total_negative_slack_ns,288,-5.51536226272583,0.3319118916988373,0.4384335577487945,-0.4652949869632721,0.0,-0.0817753374576568,0.1506941616535186,0.2324694842100143,linear_regression,C:\Users\DeAndre\Documents\Spring 2026\nndl\final_project\PPA-Estimation-Project\modeling\results\linear_regression\run_068\design_metrics.csv
s27,4,total_negative_slack_ns,288,-173.32327270507812,1.5694516897201538,2.267838954925537,-0.4652949869632721,0.0,-0.0817753374576568,-1.5547616481781006,-1.472986340522766,mlp,C:\Users\DeAndre\Documents\Spring 2026\nndl\final_project\PPA-Estimation-Project\modeling\results\mlp\run_073\design_metrics.csv
s298,3,total_negative_slack_ns,288,-20.800819396972656,4.708710670471191,5.297616958618164,-3.157489061355591,0.0,-0.5928377509117126,4.115872859954834,4.708710670471191,linear_regression,C:\Users\DeAndre\Documents\Spring 2026\nndl\final_project\PPA-Estimation-Project\modeling\results\linear_regression\run_068\design_metrics.csv
s298,3,total_negative_slack_ns,288,-0.4835081100463867,1.0857036113739014,1.3819397687911987,-3.157489061355591,0.0,-0.5928377509117126,-1.6094133853912354,-1.0165756940841677,mlp,C:\Users\DeAndre\Documents\Spring 2026\nndl\final_project\PPA-Estimation-Project\modeling\results\mlp\run_073\design_metrics.csv
s344,2,total_negative_slack_ns,288,-6.740358829498291,3.871402263641357,4.490087032318115,-4.482790946960449,0.0,-0.950855016708374,2.9205472469329834,3.871402263641357,linear_regression,C:\Users\DeAndre\Documents\Spring 2026\nndl\final_project\PPA-Estimation-Project\modeling\results\linear_regression\run_068\design_metrics.csv
s344,2,total_negative_slack_ns,288,-1.6707348823547363,2.227168083190918,2.6374826431274414,-4.482790946960449,0.0,-0.950855016708374,-1.3466036319732666,-0.3957487642765045,mlp,C:\Users\DeAndre\Documents\Spring 2026\nndl\final_project\PPA-Estimation-Project\modeling\results\mlp\run_073\design_metrics.csv
s349,1,total_negative_slack_ns,288,-3.2291064262390137,3.081639289855957,3.762029409408569,-4.973042011260986,0.0,-1.0988430976867676,1.9827961921691892,3.081639289855957,linear_regression,C:\Users\DeAndre\Documents\Spring 2026\nndl\final_project\PPA-Estimation-Project\modeling\results\linear_regression\run_068\design_metrics.csv
s349,1,total_negative_slack_ns,288,0.6036159992218018,0.8829731345176697,1.15174400806427,-4.973042011260986,0.0,-1.0988430976867676,-1.8526573181152344,-0.7538142204284668,mlp,C:\Users\DeAndre\Documents\Spring 2026\nndl\final_project\PPA-Estimation-Project\modeling\results\mlp\run_073\design_metrics.csv
s35932,5,total_negative_slack_ns,288,-0.1138874292373657,94.42528533935548,147.9575958251953,-438.6055908203125,0.0,-88.74264526367188,-35.311729431152344,53.43092346191406,linear_regression,C:\Users\DeAndre\Documents\Spring 2026\nndl\final_project\PPA-Estimation-Project\modeling\results\linear_regression\run_068\design_metrics.csv
s35932,5,total_negative_slack_ns,288,0.9373592734336852,23.78990364074707,35.08689498901367,-438.6055908203125,0.0,-88.74264526367188,-94.08916473388672,-5.346516132354736,mlp,C:\Users\DeAndre\Documents\Spring 2026\nndl\final_project\PPA-Estimation-Project\modeling\results\mlp\run_073\design_metrics.csv
s382,4,total_negative_slack_ns,288,-0.3758221864700317,1.164966344833374,2.05109977722168,-4.823084831237793,0.0,-0.9624850749969482,0.0877615511417388,1.0502467155456543,linear_regression,C:\Users\DeAndre\Documents\Spring 2026\nndl\final_project\PPA-Estimation-Project\modeling\results\linear_regression\run_068\design_metrics.csv
s382,4,total_negative_slack_ns,288,0.5122718811035156,0.956973910331726,1.2212218046188354,-4.823084831237793,0.0,-0.9624850749969482,-1.8797537088394165,-0.9172685146331788,mlp,C:\Users\DeAndre\Documents\Spring 2026\nndl\final_project\PPA-Estimation-Project\modeling\results\mlp\run_073\design_metrics.csv
s38417,3,total_negative_slack_ns,288,-0.3454694747924804,131.84625244140625,210.96804809570312,-513.5249633789062,0.0,-134.61981201171875,-23.84132194519043,110.77848815917967,linear_regression,C:\Users\DeAndre\Documents\Spring 2026\nndl\final_project\PPA-Estimation-Project\modeling\results\linear_regression\run_068\design_metrics.csv
s38417,3,total_negative_slack_ns,288,0.8546649813652039,43.262939453125,69.33697509765625,-513.5249633789062,0.0,-134.61981201171875,-109.40695190429688,25.212860107421875,mlp,C:\Users\DeAndre\Documents\Spring 2026\nndl\final_project\PPA-Estimation-Project\modeling\results\mlp\run_073\design_metrics.csv
s38584,2,total_negative_slack_ns,288,-0.1985155344009399,139.54489135742188,212.90716552734372,-531.3651123046875,0.0,-137.66419982910156,-45.96688461303711,91.69731903076172,linear_regression,C:\Users\DeAndre\Documents\Spring 2026\nndl\final_project\PPA-Estimation-Project\modeling\results\linear_regression\run_068\design_metrics.csv
s38584,2,total_negative_slack_ns,288,0.5829204320907593,102.32869720458984,125.59660339355467,-531.3651123046875,0.0,-137.66419982910156,-136.99496459960938,0.6692420244216919,mlp,C:\Users\DeAndre\Documents\Spring 2026\nndl\final_project\PPA-Estimation-Project\modeling\results\mlp\run_073\design_metrics.csv
s38584a,1,total_negative_slack_ns,288,-0.2058985233306884,139.16641235351562,213.5619201660156,-531.3651123046875,0.0,-137.66419982910156,-44.57726287841797,93.08694458007812,linear_regression,C:\Users\DeAndre\Documents\Spring 2026\nndl\final_project\PPA-Estimation-Project\modeling\results\linear_regression\run_068\design_metrics.csv
s38584a,1,total_negative_slack_ns,288,0.9954102039337158,7.904938697814941,13.175456047058104,-531.3651123046875,0.0,-137.66419982910156,-138.07968139648438,-0.4154851734638214,mlp,C:\Users\DeAndre\Documents\Spring 2026\nndl\final_project\PPA-Estimation-Project\modeling\results\mlp\run_073\design_metrics.csv
s386,5,total_negative_slack_ns,288,-9.434795379638672,2.8977725505828857,3.768582344055176,-3.1184980869293213,0.0,-0.746756911277771,2.1510157585144043,2.8977725505828857,linear_regression,C:\Users\DeAndre\Documents\Spring 2026\nndl\final_project\PPA-Estimation-Project\modeling\results\linear_regression\run_068\design_metrics.csv
s386,5,total_negative_slack_ns,288,-1.8914382457733157,1.3647379875183103,1.9837777614593504,-3.1184980869293213,0.0,-0.746756911277771,-1.5514183044433594,-0.8046615719795227,mlp,C:\Users\DeAndre\Documents\Spring 2026\nndl\final_project\PPA-Estimation-Project\modeling\results\mlp\run_073\design_metrics.csv
s400,4,total_negative_slack_ns,288,-0.3549717664718628,1.070594310760498,1.9054527282714844,-4.488002777099609,0.0,-0.8724053502082825,0.0752146914601326,0.947620153427124,linear_regression,C:\Users\DeAndre\Documents\Spring 2026\nndl\final_project\PPA-Estimation-Project\modeling\results\linear_regression\run_068\design_metrics.csv
s400,4,total_negative_slack_ns,288,0.2892991900444031,1.0841625928878784,1.37999165058136,-4.488002777099609,0.0,-0.8724053502082825,-1.9237656593322756,-1.0513604879379272,mlp,C:\Users\DeAndre\Documents\Spring 2026\nndl\final_project\PPA-Estimation-Project\modeling\results\mlp\run_073\design_metrics.csv
s420,3,total_negative_slack_ns,288,-5.221059799194336,3.613835573196411,4.171685695648193,-4.480721950531006,0.0,-1.081291913986206,2.532543659210205,3.613835573196411,linear_regression,C:\Users\DeAndre\Documents\Spring 2026\nndl\final_project\PPA-Estimation-Project\modeling\results\linear_regression\run_068\design_metrics.csv
s420,3,total_negative_slack_ns,288,-0.5082993507385254,1.6512514352798462,2.054107427597046,-4.480721950531006,0.0,-1.081291913986206,-2.672383546829224,-1.5910916328430176,mlp,C:\Users\DeAndre\Documents\Spring 2026\nndl\final_project\PPA-Estimation-Project\modeling\results\mlp\run_073\design_metrics.csv
s444,2,total_negative_slack_ns,288,-6.522321701049805,3.900365114212036,4.563601016998291,-4.594910144805908,0.0,-0.8916535973548889,3.008711576461792,3.900365114212036,linear_regression,C:\Users\DeAndre\Documents\Spring 2026\nndl\final_project\PPA-Estimation-Project\modeling\results\linear_regression\run_068\design_metrics.csv
s444,2,total_negative_slack_ns,288,-6.013313293457031,3.56943941116333,4.406495094299316,-4.594910144805908,0.0,-0.8916535973548889,-4.123243808746338,-3.2315902709960938,mlp,C:\Users\DeAndre\Documents\Spring 2026\nndl\final_project\PPA-Estimation-Project\modeling\results\mlp\run_073\design_metrics.csv
s510,1,total_negative_slack_ns,288,-3.1306405067443848,1.748178482055664,2.591121196746826,-3.521289110183716,0.0,-0.8304376602172852,0.5275396704673767,1.3579773902893066,linear_regression,C:\Users\DeAndre\Documents\Spring 2026\nndl\final_project\PPA-Estimation-Project\modeling\results\linear_regression\run_068\design_metrics.csv
s510,1,total_negative_slack_ns,288,-10.379687309265137,3.082308769226074,4.300750255584717,-3.521289110183716,0.0,-0.8304376602172852,-3.8620975017547607,-3.0316591262817383,mlp,C:\Users\DeAndre\Documents\Spring 2026\nndl\final_project\PPA-Estimation-Project\modeling\results\mlp\run_073\design_metrics.csv
s526,5,total_negative_slack_ns,288,-5.443302631378174,3.453100681304932,4.224416255950928,-4.650142192840576,0.0,-0.8880174160003662,2.5650835037231445,3.453100681304932,linear_regression,C:\Users\DeAndre\Documents\Spring 2026\nndl\final_project\PPA-Estimation-Project\modeling\results\linear_regression\run_068\design_metrics.csv
s526,5,total_negative_slack_ns,288,0.3314434289932251,1.072398066520691,1.360759973526001,-4.650142192840576,0.0,-0.8880174160003662,-1.139280915260315,-0.2512635588645935,mlp,C:\Users\DeAndre\Documents\Spring 2026\nndl\final_project\PPA-Estimation-Project\modeling\results\mlp\run_073\design_metrics.csv
s526a,4,total_negative_slack_ns,288,-0.3578906059265136,1.095611333847046,1.9505752325057983,-4.59926700592041,0.0,-0.8958985805511475,0.0796929076313972,0.9755915403366088,linear_regression,C:\Users\DeAndre\Documents\Spring 2026\nndl\final_project\PPA-Estimation-Project\modeling\results\linear_regression\run_068\design_metrics.csv
s526a,4,total_negative_slack_ns,288,0.3603190183639526,1.0494425296783447,1.338788628578186,-4.59926700592041,0.0,-0.8958985805511475,-1.9101464748382568,-1.0142478942871094,mlp,C:\Users\DeAndre\Documents\Spring 2026\nndl\final_project\PPA-Estimation-Project\modeling\results\mlp\run_073\design_metrics.csv
s5378,3,total_negative_slack_ns,288,0.0354877114295959,9.900120735168455,15.780184745788574,-42.78767776489258,0.0,-11.415985107421877,-3.963563680648804,7.452421188354492,linear_regression,C:\Users\DeAndre\Documents\Spring 2026\nndl\final_project\PPA-Estimation-Project\modeling\results\linear_regression\run_068\design_metrics.csv
s5378,3,total_negative_slack_ns,288,0.8715964555740356,3.78006649017334,5.757669925689697,-42.78767776489258,0.0,-11.415985107421877,-8.590765953063965,2.825218677520752,mlp,C:\Users\DeAndre\Documents\Spring 2026\nndl\final_project\PPA-Estimation-Project\modeling\results\mlp\run_073\design_metrics.csv
s5378a,2,total_negative_slack_ns,288,0.1112398505210876,9.895977973937988,15.04294204711914,-43.22509002685547,0.0,-11.281671524047852,-5.198567867279053,6.083104133605957,linear_regression,C:\Users\DeAndre\Documents\Spring 2026\nndl\final_project\PPA-Estimation-Project\modeling\results\linear_regression\run_068\design_metrics.csv
s5378a,2,total_negative_slack_ns,288,0.635816216468811,8.285391807556152,9.629435539245604,-43.22509002685547,0.0,-11.281671524047852,-14.544269561767578,-3.2625973224639893,mlp,C:\Users\DeAndre\Documents\Spring 2026\nndl\final_project\PPA-Estimation-Project\modeling\results\mlp\run_073\design_metrics.csv
s641,1,total_negative_slack_ns,288,0.3882965445518493,2.6121792793273926,3.456785202026367,-11.92619514465332,0.0,-3.298856496810913,-1.2276835441589355,2.071172952651977,linear_regression,C:\Users\DeAndre\Documents\Spring 2026\nndl\final_project\PPA-Estimation-Project\modeling\results\linear_regression\run_068\design_metrics.csv
s641,1,total_negative_slack_ns,288,0.8383058309555054,1.4273573160171509,1.7772523164749146,-11.92619514465332,0.0,-3.298856496810913,-4.2925238609313965,-0.9936676025390624,mlp,C:\Users\DeAndre\Documents\Spring 2026\nndl\final_project\PPA-Estimation-Project\modeling\results\mlp\run_073\design_metrics.csv
s713,5,total_negative_slack_ns,288,0.4385566115379333,2.474781036376953,3.1281278133392334,-11.170372009277344,0.0,-2.920249938964844,-1.3243412971496582,1.595908761024475,linear_regression,C:\Users\DeAndre\Documents\Spring 2026\nndl\final_project\PPA-Estimation-Project\modeling\results\linear_regression\run_068\design_metrics.csv
s713,5,total_negative_slack_ns,288,0.399471640586853,2.460392475128174,3.235178709030152,-11.170372009277344,0.0,-2.920249938964844,-5.302055835723877,-2.381805896759033,mlp,C:\Users\DeAndre\Documents\Spring 2026\nndl\final_project\PPA-Estimation-Project\modeling\results\mlp\run_073\design_metrics.csv
s820,4,total_negative_slack_ns,288,-0.3942583799362182,1.8199408054351809,2.9474310874938965,-6.843706130981445,0.0,-1.6709110736846924,-0.0958504825830459,1.575060486793518,linear_regression,C:\Users\DeAndre\Documents\Spring 2026\nndl\final_project\PPA-Estimation-Project\modeling\results\linear_regression\run_068\design_metrics.csv
s820,4,total_negative_slack_ns,288,0.6467032432556152,1.104387879371643,1.4836854934692385,-6.843706130981445,0.0,-1.6709110736846924,-2.7095143795013428,-1.0386033058166504,mlp,C:\Users\DeAndre\Documents\Spring 2026\nndl\final_project\PPA-Estimation-Project\modeling\results\mlp\run_073\design_metrics.csv
s820a,3,total_negative_slack_ns,288,-1.228402614593506,3.1534080505371094,3.72622299194336,-6.843706130981445,0.0,-1.6709110736846924,1.481891393661499,3.1528024673461914,linear_regression,C:\Users\DeAndre\Documents\Spring 2026\nndl\final_project\PPA-Estimation-Project\modeling\results\linear_regression\run_068\design_metrics.csv
s820a,3,total_negative_slack_ns,288,0.3648982644081116,1.64782977104187,1.9892696142196653,-6.843706130981445,0.0,-1.6709110736846924,-3.3162734508514404,-1.6453622579574585,mlp,C:\Users\DeAndre\Documents\Spring 2026\nndl\final_project\PPA-Estimation-Project\modeling\results\mlp\run_073\design_metrics.csv
s832,2,total_negative_slack_ns,288,-0.6893595457077026,2.71964955329895,3.306772470474243,-6.867057800292969,0.0,-1.7138322591781616,0.900721788406372,2.6145541667938232,linear_regression,C:\Users\DeAndre\Documents\Spring 2026\nndl\final_project\PPA-Estimation-Project\modeling\results\linear_regression\run_068\design_metrics.csv
s832,2,total_negative_slack_ns,288,-0.4449716806411743,2.245107650756836,3.0582497119903564,-6.867057800292969,0.0,-1.7138322591781616,-2.8646814823150635,-1.1508491039276123,mlp,C:\Users\DeAndre\Documents\Spring 2026\nndl\final_project\PPA-Estimation-Project\modeling\results\mlp\run_073\design_metrics.csv
s832a,1,total_negative_slack_ns,288,-0.1400105953216552,2.177553415298462,2.7164251804351807,-6.867057800292969,0.0,-1.7138322591781616,0.140154629945755,1.853986978530884,linear_regression,C:\Users\DeAndre\Documents\Spring 2026\nndl\final_project\PPA-Estimation-Project\modeling\results\linear_regression\run_068\design_metrics.csv
s832a,1,total_negative_slack_ns,288,0.1017203330993652,1.8971298933029173,2.411288022994995,-6.867057800292969,0.0,-1.7138322591781616,-3.5799484252929688,-1.8661164045333865,mlp,C:\Users\DeAndre\Documents\Spring 2026\nndl\final_project\PPA-Estimation-Project\modeling\results\mlp\run_073\design_metrics.csv
s838,5,total_negative_slack_ns,288,0.4578222036361694,2.39969539642334,2.8236653804779053,-9.767878532409668,0.0,-2.6199939250946045,-1.3337754011154177,1.286218523979187,linear_regression,C:\Users\DeAndre\Documents\Spring 2026\nndl\final_project\PPA-Estimation-Project\modeling\results\linear_regression\run_068\design_metrics.csv
s838,5,total_negative_slack_ns,288,-1.3878169059753418,4.426379203796387,5.92574405670166,-9.767878532409668,0.0,-2.6199939250946045,-7.013926982879639,-4.393932819366455,mlp,C:\Users\DeAndre\Documents\Spring 2026\nndl\final_project\PPA-Estimation-Project\modeling\results\mlp\run_073\design_metrics.csv
s9234,4,total_negative_slack_ns,288,-0.479636549949646,12.470653533935549,20.75570297241211,-44.81858444213867,0.0,-12.493487358093262,-0.6457093358039856,11.8477783203125,linear_regression,C:\Users\DeAndre\Documents\Spring 2026\nndl\final_project\PPA-Estimation-Project\modeling\results\linear_regression\run_068\design_metrics.csv
s9234,4,total_negative_slack_ns,288,0.9674535989761353,2.5096232891082764,3.078303813934326,-44.81858444213867,0.0,-12.493487358093262,-14.671031951904297,-2.177544593811035,mlp,C:\Users\DeAndre\Documents\Spring 2026\nndl\final_project\PPA-Estimation-Project\modeling\results\mlp\run_073\design_metrics.csv
s9234a,3,total_negative_slack_ns,288,0.0646344423294067,10.789694786071776,16.58831214904785,-45.17364501953125,0.0,-12.543959617614746,-5.33403205871582,7.209928512573242,linear_regression,C:\Users\DeAndre\Documents\Spring 2026\nndl\final_project\PPA-Estimation-Project\modeling\results\linear_regression\run_068\design_metrics.csv
s9234a,3,total_negative_slack_ns,288,0.9614197611808776,2.7880334854125977,3.368945360183716,-45.17364501953125,0.0,-12.543959617614746,-13.710636138916016,-1.1666771173477173,mlp,C:\Users\DeAndre\Documents\Spring 2026\nndl\final_project\PPA-Estimation-Project\modeling\results\mlp\run_073\design_metrics.csv
s953,2,total_negative_slack_ns,288,-0.3135159015655517,3.352184295654297,4.25591516494751,-10.15001106262207,0.0,-2.2330358028411865,1.03920316696167,3.2722387313842773,linear_regression,C:\Users\DeAndre\Documents\Spring 2026\nndl\final_project\PPA-Estimation-Project\modeling\results\linear_regression\run_068\design_metrics.csv
s953,2,total_negative_slack_ns,288,0.6265503168106079,1.7496275901794434,2.269296884536743,-10.15001106262207,0.0,-2.2330358028411865,-2.7524638175964355,-0.5194279551506042,mlp,C:\Users\DeAndre\Documents\Spring 2026\nndl\final_project\PPA-Estimation-Project\modeling\results\mlp\run_073\design_metrics.csv
s953a,1,total_negative_slack_ns,288,0.0364453792572021,2.750321388244629,3.6451334953308105,-10.15001106262207,0.0,-2.2330358028411865,0.2032182514667511,2.4362542629241943,linear_regression,C:\Users\DeAndre\Documents\Spring 2026\nndl\final_project\PPA-Estimation-Project\modeling\results\linear_regression\run_068\design_metrics.csv
s953a,1,total_negative_slack_ns,288,0.8759234547615051,1.0909472703933716,1.3080374002456665,-10.15001106262207,0.0,-2.2330358028411865,-3.237466096878052,-1.0044302940368652,mlp,C:\Users\DeAndre\Documents\Spring 2026\nndl\final_project\PPA-Estimation-Project\modeling\results\mlp\run_073\design_metrics.csv
sasc,5,total_negative_slack_ns,288,-1.3468976020812988,13.832794189453123,16.34356689453125,-29.25296974182129,0.0,-6.715629577636719,7.11716365814209,13.832794189453123,linear_regression,C:\Users\DeAndre\Documents\Spring 2026\nndl\final_project\PPA-Estimation-Project\modeling\results\linear_regression\run_068\design_metrics.csv
sasc,5,total_negative_slack_ns,288,0.9502421617507936,2.096078395843506,2.379745960235596,-29.25296974182129,0.0,-6.715629577636719,-7.875759601593018,-1.1601290702819824,mlp,C:\Users\DeAndre\Documents\Spring 2026\nndl\final_project\PPA-Estimation-Project\modeling\results\mlp\run_073\design_metrics.csv
simple_spi,4,total_negative_slack_ns,288,-0.4542276859283447,8.17220401763916,14.578289985656738,-33.24667739868164,0.0,-7.457696914672852,0.7145076394081116,8.17220401763916,linear_regression,C:\Users\DeAndre\Documents\Spring 2026\nndl\final_project\PPA-Estimation-Project\modeling\results\linear_regression\run_068\design_metrics.csv
simple_spi,4,total_negative_slack_ns,288,0.9698671102523804,1.5776820182800293,2.09850811958313,-33.24667739868164,0.0,-7.457696914672852,-8.477683067321777,-1.0199857950210571,mlp,C:\Users\DeAndre\Documents\Spring 2026\nndl\final_project\PPA-Estimation-Project\modeling\results\mlp\run_073\design_metrics.csv
ss_pcm,3,total_negative_slack_ns,288,-0.0013399124145507,4.009695053100586,5.8517022132873535,-16.613008499145508,0.0,-3.321835517883301,0.4581069946289062,3.779942750930786,linear_regression,C:\Users\DeAndre\Documents\Spring 2026\nndl\final_project\PPA-Estimation-Project\modeling\results\linear_regression\run_068\design_metrics.csv
ss_pcm,3,total_negative_slack_ns,288,-0.4677400588989258,5.897449970245361,7.084611415863037,-16.613008499145508,0.0,-3.321835517883301,-9.21928596496582,-5.897449970245361,mlp,C:\Users\DeAndre\Documents\Spring 2026\nndl\final_project\PPA-Estimation-Project\modeling\results\mlp\run_073\design_metrics.csv
systemcdes,2,total_negative_slack_ns,288,-0.5830206871032715,25.983642578125,38.11792755126953,-83.60449981689453,0.0,-23.923463821411133,2.060179710388184,25.983642578125,linear_regression,C:\Users\DeAndre\Documents\Spring 2026\nndl\final_project\PPA-Estimation-Project\modeling\results\linear_regression\run_068\design_metrics.csv
systemcdes,2,total_negative_slack_ns,288,-2.2972569465637207,52.14131164550781,55.01262664794922,-83.60449981689453,0.0,-23.923463821411133,-76.06478118896484,-52.14131164550781,mlp,C:\Users\DeAndre\Documents\Spring 2026\nndl\final_project\PPA-Estimation-Project\modeling\results\mlp\run_073\design_metrics.csv
usb_phy,1,total_negative_slack_ns,288,-2.503670692443848,12.431757926940918,13.741543769836426,-20.32241439819336,0.0,-4.089680671691895,8.342076301574707,12.431757926940918,linear_regression,C:\Users\DeAndre\Documents\Spring 2026\nndl\final_project\PPA-Estimation-Project\modeling\results\linear_regression\run_068\design_metrics.csv
usb_phy,1,total_negative_slack_ns,288,-5.3245849609375,16.36369514465332,18.462474822998047,-20.32241439819336,0.0,-4.089680671691895,-20.45337677001953,-16.36369514465332,mlp,C:\Users\DeAndre\Documents\Spring 2026\nndl\final_project\PPA-Estimation-Project\modeling\results\mlp\run_073\design_metrics.csv
i2c,2,worst_slack_ns,288,0.7964066863059998,0.1741005331277847,0.1874972432851791,-0.4211409986019134,0.9052670001983644,0.1473811268806457,-0.0267194118350744,-0.1741005331277847,linear_regression,C:\Users\DeAndre\Documents\Spring 2026\nndl\final_project\PPA-Estimation-Project\modeling\results\linear_regression\run_068\design_metrics.csv
i2c,2,worst_slack_ns,288,-0.0267717838287353,0.3778623342514038,0.4210659265518188,-0.4211409986019134,0.9052670001983644,0.1473811268806457,0.5227445960044861,0.3753634989261627,mlp,C:\Users\DeAndre\Documents\Spring 2026\nndl\final_project\PPA-Estimation-Project\modeling\results\mlp\run_073\design_metrics.csv
s1196,1,worst_slack_ns,288,0.5072636604309082,0.1619338244199752,0.1821764260530471,-0.4025309979915619,0.4447309970855713,-0.0613826960325241,0.1005511060357093,0.1619338244199752,linear_regression,C:\Users\DeAndre\Documents\Spring 2026\nndl\final_project\PPA-Estimation-Project\modeling\results\linear_regression\run_068\design_metrics.csv
s1196,1,worst_slack_ns,288,0.4847275018692016,0.160097062587738,0.1862959265708923,-0.4025309979915619,0.4447309970855713,-0.0613826960325241,0.0987143293023109,0.160097062587738,mlp,C:\Users\DeAndre\Documents\Spring 2026\nndl\final_project\PPA-Estimation-Project\modeling\results\mlp\run_073\design_metrics.csv
s1196a,5,worst_slack_ns,288,0.5515984892845154,0.1408722549676895,0.1700417548418045,-0.4043599963188171,0.4369480013847351,-0.0599103309214115,0.0809619128704071,0.1408722549676895,linear_regression,C:\Users\DeAndre\Documents\Spring 2026\nndl\final_project\PPA-Estimation-Project\modeling\results\linear_regression\run_068\design_metrics.csv
s1196a,5,worst_slack_ns,288,0.5237234234809875,0.145709291100502,0.1752474308013916,-0.4043599963188171,0.4369480013847351,-0.0599103309214115,0.0857445001602172,0.1456548422574997,mlp,C:\Users\DeAndre\Documents\Spring 2026\nndl\final_project\PPA-Estimation-Project\modeling\results\mlp\run_073\design_metrics.csv
s1196b,4,worst_slack_ns,288,0.5544431805610657,0.1467105746269226,0.1695015132427215,-0.4043599963188171,0.4369480013847351,-0.0599103309214115,0.0868002474308013,0.1467105746269226,linear_regression,C:\Users\DeAndre\Documents\Spring 2026\nndl\final_project\PPA-Estimation-Project\modeling\results\linear_regression\run_068\design_metrics.csv
s1196b,4,worst_slack_ns,288,0.805283784866333,0.0857807770371437,0.1120529025793075,-0.4043599963188171,0.4369480013847351,-0.0599103309214115,0.0247031971812248,0.084613524377346,mlp,C:\Users\DeAndre\Documents\Spring 2026\nndl\final_project\PPA-Estimation-Project\modeling\results\mlp\run_073\design_metrics.csv
s1238,3,worst_slack_ns,288,0.0281674265861511,0.2368602156639099,0.2586936056613922,-0.4885869920253753,0.3754050135612488,-0.1210445687174797,0.1158156245946884,0.2368602156639099,linear_regression,C:\Users\DeAndre\Documents\Spring 2026\nndl\final_project\PPA-Estimation-Project\modeling\results\linear_regression\run_068\design_metrics.csv
s1238,3,worst_slack_ns,288,0.1931719779968261,0.2207948565483093,0.2357113361358642,-0.4885869920253753,0.3754050135612488,-0.1210445687174797,0.0997502654790878,0.2207948565483093,mlp,C:\Users\DeAndre\Documents\Spring 2026\nndl\final_project\PPA-Estimation-Project\modeling\results\mlp\run_073\design_metrics.csv
s1238a,2,worst_slack_ns,288,0.3911232948303222,0.1810221076011657,0.2074712067842483,-0.4787989854812622,0.405579000711441,-0.1064342409372329,0.0745878890156745,0.1810221076011657,linear_regression,C:\Users\DeAndre\Documents\Spring 2026\nndl\final_project\PPA-Estimation-Project\modeling\results\linear_regression\run_068\design_metrics.csv
s1238a,2,worst_slack_ns,288,0.266994833946228,0.1948334872722625,0.2276389896869659,-0.4787989854812622,0.405579000711441,-0.1064342409372329,0.0883992537856102,0.1948334872722625,mlp,C:\Users\DeAndre\Documents\Spring 2026\nndl\final_project\PPA-Estimation-Project\modeling\results\mlp\run_073\design_metrics.csv
s13207,1,worst_slack_ns,288,0.9011351466178894,0.1041398346424102,0.1085970178246498,-0.9119889736175536,0.1609379947185516,-0.4433831572532654,-0.3392433226108551,0.1041398346424102,linear_regression,C:\Users\DeAndre\Documents\Spring 2026\nndl\final_project\PPA-Estimation-Project\modeling\results\linear_regression\run_068\design_metrics.csv
s13207,1,worst_slack_ns,288,0.8111742734909058,0.1203926801681518,0.150081604719162,-0.9119889736175536,0.1609379947185516,-0.4433831572532654,-0.3232799172401428,0.1201032772660255,mlp,C:\Users\DeAndre\Documents\Spring 2026\nndl\final_project\PPA-Estimation-Project\modeling\results\mlp\run_073\design_metrics.csv
s13207a,5,worst_slack_ns,288,0.9735525250434875,0.0469683073461055,0.0544348768889904,-0.814382016658783,0.2220650017261505,-0.3504467308521271,-0.3881050646305084,-0.0376583486795425,linear_regression,C:\Users\DeAndre\Documents\Spring 2026\nndl\final_project\PPA-Estimation-Project\modeling\results\linear_regression\run_068\design_metrics.csv
s13207a,5,worst_slack_ns,288,0.9280650019645692,0.0732628032565116,0.0897749736905098,-0.814382016658783,0.2220650017261505,-0.3504467308521271,-0.4119616448879242,-0.0615148954093456,mlp,C:\Users\DeAndre\Documents\Spring 2026\nndl\final_project\PPA-Estimation-Project\modeling\results\mlp\run_073\design_metrics.csv
s1423,4,worst_slack_ns,288,-1.531651735305786,0.5104966163635254,0.5121650099754333,-0.904833972454071,0.0534799993038177,-0.4536753296852112,0.0568213053047657,0.5104966163635254,linear_regression,C:\Users\DeAndre\Documents\Spring 2026\nndl\final_project\PPA-Estimation-Project\modeling\results\linear_regression\run_068\design_metrics.csv
s1423,4,worst_slack_ns,288,-1.0232338905334473,0.4560474157333374,0.4578581750392914,-0.904833972454071,0.0534799993038177,-0.4536753296852112,0.0023721058387309,0.4560474157333374,mlp,C:\Users\DeAndre\Documents\Spring 2026\nndl\final_project\PPA-Estimation-Project\modeling\results\mlp\run_073\design_metrics.csv
s1423a,3,worst_slack_ns,288,-0.7899868488311768,0.4389660954475403,0.4430612921714782,-0.9081609845161438,0.0839890018105506,-0.4250045120716095,0.0139615405350923,0.4389660954475403,linear_regression,C:\Users\DeAndre\Documents\Spring 2026\nndl\final_project\PPA-Estimation-Project\modeling\results\linear_regression\run_068\design_metrics.csv
s1423a,3,worst_slack_ns,288,-0.957788348197937,0.4608796536922455,0.4633634388446808,-0.9081609845161438,0.0839890018105506,-0.4250045120716095,0.0358750969171524,0.4608796536922455,mlp,C:\Users\DeAndre\Documents\Spring 2026\nndl\final_project\PPA-Estimation-Project\modeling\results\mlp\run_073\design_metrics.csv
s1488,2,worst_slack_ns,288,0.7898643016815186,0.1341903507709503,0.1456531286239624,-0.4350210130214691,0.5903030037879944,0.0276974700391292,0.1618878245353698,0.1341903507709503,linear_regression,C:\Users\DeAndre\Documents\Spring 2026\nndl\final_project\PPA-Estimation-Project\modeling\results\linear_regression\run_068\design_metrics.csv
s1488,2,worst_slack_ns,288,0.8507782220840454,0.0994123592972755,0.1227399781346321,-0.4350210130214691,0.5903030037879944,0.0276974700391292,0.1251009255647659,0.0974034741520881,mlp,C:\Users\DeAndre\Documents\Spring 2026\nndl\final_project\PPA-Estimation-Project\modeling\results\mlp\run_073\design_metrics.csv
s15850,1,worst_slack_ns,288,0.917963981628418,0.0586196035146713,0.0781618431210517,-0.8966479897499084,0.0019749999046325,-0.483790248632431,-0.4652245938777923,0.0185655932873487,linear_regression,C:\Users\DeAndre\Documents\Spring 2026\nndl\final_project\PPA-Estimation-Project\modeling\results\linear_regression\run_068\design_metrics.csv
s15850,1,worst_slack_ns,288,0.8819312453269958,0.0782432928681373,0.0937691628932952,-0.8966479897499084,0.0019749999046325,-0.483790248632431,-0.4135945737361908,0.070195659995079,mlp,C:\Users\DeAndre\Documents\Spring 2026\nndl\final_project\PPA-Estimation-Project\modeling\results\mlp\run_073\design_metrics.csv
s15850a,5,worst_slack_ns,288,0.8125439882278442,0.1068741977214813,0.1175218895077705,-0.8605020046234131,0.0127370003610849,-0.4514357149600982,-0.5359216332435608,-0.0844858586788177,linear_regression,C:\Users\DeAndre\Documents\Spring 2026\nndl\final_project\PPA-Estimation-Project\modeling\results\linear_regression\run_068\design_metrics.csv
s15850a,5,worst_slack_ns,288,0.9644577503204346,0.0398716256022453,0.0511730872094631,-0.8605020046234131,0.0127370003610849,-0.4514357149600982,-0.4787174761295318,-0.0272817686200141,mlp,C:\Users\DeAndre\Documents\Spring 2026\nndl\final_project\PPA-Estimation-Project\modeling\results\mlp\run_073\design_metrics.csv
s27,4,worst_slack_ns,288,0.9427031874656676,0.0650016367435455,0.0723159685730934,-0.1441649943590164,0.760453999042511,0.2537159919738769,0.1899255067110061,-0.0637904778122901,linear_regression,C:\Users\DeAndre\Documents\Spring 2026\nndl\final_project\PPA-Estimation-Project\modeling\results\linear_regression\run_068\design_metrics.csv
s27,4,worst_slack_ns,288,0.9666271209716796,0.0483543910086154,0.0551907010376453,-0.1441649943590164,0.760453999042511,0.2537159919738769,0.2351958155632019,-0.018520176410675,mlp,C:\Users\DeAndre\Documents\Spring 2026\nndl\final_project\PPA-Estimation-Project\modeling\results\mlp\run_073\design_metrics.csv
s298,3,worst_slack_ns,288,0.9195203185081482,0.1035855486989021,0.1116382926702499,-0.2031510025262832,0.971396028995514,0.3001700341701507,0.1965844929218292,-0.1035855486989021,linear_regression,C:\Users\DeAndre\Documents\Spring 2026\nndl\final_project\PPA-Estimation-Project\modeling\results\linear_regression\run_068\design_metrics.csv
s298,3,worst_slack_ns,288,0.936943531036377,0.0872832015156745,0.0988177582621574,-0.2031510025262832,0.971396028995514,0.3001700341701507,0.2128868401050567,-0.0872832015156745,mlp,C:\Users\DeAndre\Documents\Spring 2026\nndl\final_project\PPA-Estimation-Project\modeling\results\mlp\run_073\design_metrics.csv
s344,2,worst_slack_ns,288,0.8775359392166138,0.1266724020242691,0.1315620988607406,-0.2326100021600723,0.8955979943275452,0.2336651682853698,0.1069927588105201,-0.1266724020242691,linear_regression,C:\Users\DeAndre\Documents\Spring 2026\nndl\final_project\PPA-Estimation-Project\modeling\results\linear_regression\run_068\design_metrics.csv
s344,2,worst_slack_ns,288,0.8807047605514526,0.112736664712429,0.1298488527536392,-0.2326100021600723,0.8955979943275452,0.2336651682853698,0.1209285259246826,-0.112736664712429,mlp,C:\Users\DeAndre\Documents\Spring 2026\nndl\final_project\PPA-Estimation-Project\modeling\results\mlp\run_073\design_metrics.csv
s349,1,worst_slack_ns,288,0.941667914390564,0.0798676535487175,0.0923497825860977,-0.2885940074920654,0.8587520122528076,0.1990944743156433,0.1192389205098152,-0.0798555240035057,linear_regression,C:\Users\DeAndre\Documents\Spring 2026\nndl\final_project\PPA-Estimation-Project\modeling\results\linear_regression\run_068\design_metrics.csv
s349,1,worst_slack_ns,288,0.9440010190010072,0.0754260346293449,0.0904840752482414,-0.2885940074920654,0.8587520122528076,0.1990944743156433,0.1236684322357177,-0.0754260346293449,mlp,C:\Users\DeAndre\Documents\Spring 2026\nndl\final_project\PPA-Estimation-Project\modeling\results\mlp\run_073\design_metrics.csv
s35932,5,worst_slack_ns,288,0.8204644322395325,0.0938423201441764,0.1078547611832618,-0.5854319930076599,0.3560270071029663,-0.1509544253349304,-0.1755971610546112,-0.024642739444971,linear_regression,C:\Users\DeAndre\Documents\Spring 2026\nndl\final_project\PPA-Estimation-Project\modeling\results\linear_regression\run_068\design_metrics.csv
s35932,5,worst_slack_ns,288,0.4011544585227966,0.1700978577136993,0.1969796866178512,-0.5854319930076599,0.3560270071029663,-0.1509544253349304,-0.2871655225753784,-0.136211097240448,mlp,C:\Users\DeAndre\Documents\Spring 2026\nndl\final_project\PPA-Estimation-Project\modeling\results\mlp\run_073\design_metrics.csv
s382,4,worst_slack_ns,288,0.9168256521224976,0.0970700457692146,0.1162507236003875,-0.2393790036439895,0.9699730277061462,0.2833471596240997,0.1935207098722458,-0.0898264721035957,linear_regression,C:\Users\DeAndre\Documents\Spring 2026\nndl\final_project\PPA-Estimation-Project\modeling\results\linear_regression\run_068\design_metrics.csv
s382,4,worst_slack_ns,288,0.983822226524353,0.0418091900646686,0.0512696504592895,-0.2393790036439895,0.9699730277061462,0.2833471596240997,0.2712043225765228,-0.0121428649872541,mlp,C:\Users\DeAndre\Documents\Spring 2026\nndl\final_project\PPA-Estimation-Project\modeling\results\mlp\run_073\design_metrics.csv
s38417,3,worst_slack_ns,288,0.6926912069320679,0.2185619622468948,0.2283435463905334,-0.7261450290679932,0.5731649994850159,-0.1325196474790573,-0.3510815799236297,-0.2185619622468948,linear_regression,C:\Users\DeAndre\Documents\Spring 2026\nndl\final_project\PPA-Estimation-Project\modeling\results\linear_regression\run_068\design_metrics.csv
s38417,3,worst_slack_ns,288,0.81494140625,0.1460250467061996,0.1771967858076095,-0.7261450290679932,0.5731649994850159,-0.1325196474790573,-0.1893479824066162,-0.0568283796310424,mlp,C:\Users\DeAndre\Documents\Spring 2026\nndl\final_project\PPA-Estimation-Project\modeling\results\mlp\run_073\design_metrics.csv
s38584,2,worst_slack_ns,288,0.901253342628479,0.0612461976706981,0.0964236706495285,-0.8176090121269226,0.2106280028820037,-0.3516120910644531,-0.3054200708866119,0.0461919903755188,linear_regression,C:\Users\DeAndre\Documents\Spring 2026\nndl\final_project\PPA-Estimation-Project\modeling\results\linear_regression\run_068\design_metrics.csv
s38584,2,worst_slack_ns,288,0.9564272165298462,0.048231441527605,0.0640516355633735,-0.8176090121269226,0.2106280028820037,-0.3516120910644531,-0.3270337283611297,0.0245783515274524,mlp,C:\Users\DeAndre\Documents\Spring 2026\nndl\final_project\PPA-Estimation-Project\modeling\results\mlp\run_073\design_metrics.csv
s38584a,1,worst_slack_ns,288,0.9471163749694824,0.0557190962135791,0.0705639645457267,-0.8176090121269226,0.2106280028820037,-0.3516120910644531,-0.3652194440364837,-0.0136073380708694,linear_regression,C:\Users\DeAndre\Documents\Spring 2026\nndl\final_project\PPA-Estimation-Project\modeling\results\linear_regression\run_068\design_metrics.csv
s38584a,1,worst_slack_ns,288,0.9561338424682616,0.0532467402517795,0.0642668902873992,-0.8176090121269226,0.2106280028820037,-0.3516120910644531,-0.3594688177108764,-0.0078567480668425,mlp,C:\Users\DeAndre\Documents\Spring 2026\nndl\final_project\PPA-Estimation-Project\modeling\results\mlp\run_073\design_metrics.csv
s386,5,worst_slack_ns,288,0.981123149394989,0.0288132093846797,0.0435569807887077,-0.3059589862823486,0.6524680256843567,0.1153756901621818,0.1417276114225387,0.0263519305735826,linear_regression,C:\Users\DeAndre\Documents\Spring 2026\nndl\final_project\PPA-Estimation-Project\modeling\results\linear_regression\run_068\design_metrics.csv
s386,5,worst_slack_ns,288,0.9842631816864014,0.0307087041437625,0.039769634604454,-0.3059589862823486,0.6524680256843567,0.1153756901621818,0.1409112215042114,0.0255355387926101,mlp,C:\Users\DeAndre\Documents\Spring 2026\nndl\final_project\PPA-Estimation-Project\modeling\results\mlp\run_073\design_metrics.csv
s400,4,worst_slack_ns,288,0.8659042716026306,0.1260222494602203,0.1524840295314788,-0.2390660047531128,1.0091910362243652,0.3004477322101593,0.1763690263032913,-0.1240787208080291,linear_regression,C:\Users\DeAndre\Documents\Spring 2026\nndl\final_project\PPA-Estimation-Project\modeling\results\linear_regression\run_068\design_metrics.csv
s400,4,worst_slack_ns,288,0.9465503692626952,0.0768160596489906,0.0962696000933647,-0.2390660047531128,1.0091910362243652,0.3004477322101593,0.2295067608356475,-0.0709410086274147,mlp,C:\Users\DeAndre\Documents\Spring 2026\nndl\final_project\PPA-Estimation-Project\modeling\results\mlp\run_073\design_metrics.csv
s420,3,worst_slack_ns,288,0.9305809736251832,0.0718406066298484,0.0797008797526359,-0.3049930036067962,0.613726019859314,0.0983345508575439,0.0492740198969841,-0.0490605235099792,linear_regression,C:\Users\DeAndre\Documents\Spring 2026\nndl\final_project\PPA-Estimation-Project\modeling\results\linear_regression\run_068\design_metrics.csv
s420,3,worst_slack_ns,288,0.9693751931190492,0.046901736408472,0.0529371164739131,-0.3049930036067962,0.613726019859314,0.0983345508575439,0.062510997056961,-0.0358235500752925,mlp,C:\Users\DeAndre\Documents\Spring 2026\nndl\final_project\PPA-Estimation-Project\modeling\results\mlp\run_073\design_metrics.csv
s444,2,worst_slack_ns,288,0.8461586833000183,0.1473000198602676,0.1584812998771667,-0.2220840007066726,0.981033980846405,0.301553338766098,0.1542533040046692,-0.1473000198602676,linear_regression,C:\Users\DeAndre\Documents\Spring 2026\nndl\final_project\PPA-Estimation-Project\modeling\results\linear_regression\run_068\design_metrics.csv
s444,2,worst_slack_ns,288,0.7964268922805786,0.1668241024017334,0.1823063045740127,-0.2220840007066726,0.981033980846405,0.301553338766098,0.1347292214632034,-0.1668241024017334,mlp,C:\Users\DeAndre\Documents\Spring 2026\nndl\final_project\PPA-Estimation-Project\modeling\results\mlp\run_073\design_metrics.csv
s510,1,worst_slack_ns,288,0.8591303825378418,0.1314296126365661,0.1335057616233825,-0.2979460060596466,0.7879970073699951,0.149302139878273,0.017872504889965,-0.1314296126365661,linear_regression,C:\Users\DeAndre\Documents\Spring 2026\nndl\final_project\PPA-Estimation-Project\modeling\results\linear_regression\run_068\design_metrics.csv
s510,1,worst_slack_ns,288,0.8744730949401855,0.121914304792881,0.1260258853435516,-0.2979460060596466,0.7879970073699951,0.149302139878273,0.0273878052830696,-0.121914304792881,mlp,C:\Users\DeAndre\Documents\Spring 2026\nndl\final_project\PPA-Estimation-Project\modeling\results\mlp\run_073\design_metrics.csv
s526,5,worst_slack_ns,288,0.8819562196731567,0.1236530169844627,0.1380016952753067,-0.2141640037298202,0.9915810227394104,0.3027075827121734,0.1790545880794525,-0.1236530169844627,linear_regression,C:\Users\DeAndre\Documents\Spring 2026\nndl\final_project\PPA-Estimation-Project\modeling\results\linear_regression\run_068\design_metrics.csv
s526,5,worst_slack_ns,288,0.8767189979553223,0.1231100857257843,0.141029804944992,-0.2141640037298202,0.9915810227394104,0.3027075827121734,0.1795975416898727,-0.1231100857257843,mlp,C:\Users\DeAndre\Documents\Spring 2026\nndl\final_project\PPA-Estimation-Project\modeling\results\mlp\run_073\design_metrics.csv
s526a,4,worst_slack_ns,288,0.8661020994186401,0.1276879906654358,0.1478008925914764,-0.2149119973182678,0.9930739998817444,0.3050912618637085,0.1774033010005951,-0.1276879906654358,linear_regression,C:\Users\DeAndre\Documents\Spring 2026\nndl\final_project\PPA-Estimation-Project\modeling\results\linear_regression\run_068\design_metrics.csv
s526a,4,worst_slack_ns,288,0.937020480632782,0.0860729962587356,0.1013654097914695,-0.2149119973182678,0.9930739998817444,0.3050912618637085,0.2190182954072952,-0.0860729962587356,mlp,C:\Users\DeAndre\Documents\Spring 2026\nndl\final_project\PPA-Estimation-Project\modeling\results\mlp\run_073\design_metrics.csv
s5378,3,worst_slack_ns,288,0.917687714099884,0.0733013302087783,0.0825683623552322,-0.5055990219116211,0.4257409870624542,-0.0947648212313652,-0.1111558377742767,-0.0163910370320081,linear_regression,C:\Users\DeAndre\Documents\Spring 2026\nndl\final_project\PPA-Estimation-Project\modeling\results\linear_regression\run_068\design_metrics.csv
s5378,3,worst_slack_ns,288,0.9730417728424072,0.0413196831941604,0.0472527258098125,-0.5055990219116211,0.4257409870624542,-0.0947648212313652,-0.1267044991254806,-0.0319396778941154,mlp,C:\Users\DeAndre\Documents\Spring 2026\nndl\final_project\PPA-Estimation-Project\modeling\results\mlp\run_073\design_metrics.csv
s5378a,2,worst_slack_ns,288,0.9133461117744446,0.084139347076416,0.093595951795578,-0.5120459794998169,0.4616310000419616,-0.0739858373999595,-0.1519347876310348,-0.0779489800333976,linear_regression,C:\Users\DeAndre\Documents\Spring 2026\nndl\final_project\PPA-Estimation-Project\modeling\results\linear_regression\run_068\design_metrics.csv
s5378a,2,worst_slack_ns,288,0.9264153838157654,0.0757897943258285,0.0862494930624961,-0.5120459794998169,0.4616310000419616,-0.0739858373999595,-0.1193332374095916,-0.0453474074602127,mlp,C:\Users\DeAndre\Documents\Spring 2026\nndl\final_project\PPA-Estimation-Project\modeling\results\mlp\run_073\design_metrics.csv
s641,1,worst_slack_ns,288,0.8962373733520508,0.0675344243645668,0.0845513269305229,-0.5128679871559143,0.3588669896125793,-0.1143268719315528,-0.0905281975865364,0.0237986668944358,linear_regression,C:\Users\DeAndre\Documents\Spring 2026\nndl\final_project\PPA-Estimation-Project\modeling\results\linear_regression\run_068\design_metrics.csv
s641,1,worst_slack_ns,288,0.8616653084754944,0.0726253464818,0.0976259782910347,-0.5128679871559143,0.3588669896125793,-0.1143268719315528,-0.0695833265781402,0.0447435490787029,mlp,C:\Users\DeAndre\Documents\Spring 2026\nndl\final_project\PPA-Estimation-Project\modeling\results\mlp\run_073\design_metrics.csv
s713,5,worst_slack_ns,288,0.9462941884994508,0.0610016733407974,0.0655927881598472,-0.456739991903305,0.40242999792099,-0.0799962729215622,-0.0930781066417694,-0.013081831857562,linear_regression,C:\Users\DeAndre\Documents\Spring 2026\nndl\final_project\PPA-Estimation-Project\modeling\results\linear_regression\run_068\design_metrics.csv
s713,5,worst_slack_ns,288,0.9524023532867432,0.0500790923833847,0.0617502145469188,-0.456739991903305,0.40242999792099,-0.0799962729215622,-0.0687788873910904,0.0112173799425363,mlp,C:\Users\DeAndre\Documents\Spring 2026\nndl\final_project\PPA-Estimation-Project\modeling\results\mlp\run_073\design_metrics.csv
s820,4,worst_slack_ns,288,0.9673300981521606,0.0541976131498813,0.0584138296544551,-0.3234170079231262,0.6648060083389282,0.0998080074787139,0.0468051694333553,-0.0530028492212295,linear_regression,C:\Users\DeAndre\Documents\Spring 2026\nndl\final_project\PPA-Estimation-Project\modeling\results\linear_regression\run_068\design_metrics.csv
s820,4,worst_slack_ns,288,0.965125858783722,0.0558030344545841,0.0603522732853889,-0.3234170079231262,0.6648060083389282,0.0998080074787139,0.0440503768622875,-0.0557576492428779,mlp,C:\Users\DeAndre\Documents\Spring 2026\nndl\final_project\PPA-Estimation-Project\modeling\results\mlp\run_073\design_metrics.csv
s820a,3,worst_slack_ns,288,0.9591955542564392,0.0578991249203681,0.0652823001146316,-0.3234170079231262,0.6648060083389282,0.0998080074787139,0.054114818572998,-0.0456932038068771,linear_regression,C:\Users\DeAndre\Documents\Spring 2026\nndl\final_project\PPA-Estimation-Project\modeling\results\linear_regression\run_068\design_metrics.csv
s820a,3,worst_slack_ns,288,0.9656237959861756,0.0560179762542247,0.0599198602139949,-0.3234170079231262,0.6648060083389282,0.0998080074787139,0.0439136289060115,-0.0558943934738636,mlp,C:\Users\DeAndre\Documents\Spring 2026\nndl\final_project\PPA-Estimation-Project\modeling\results\mlp\run_073\design_metrics.csv
s832,2,worst_slack_ns,288,0.9261118173599244,0.0778204351663589,0.0868763700127601,-0.3316049873828888,0.6678580045700073,0.0963238924741745,0.0270674359053373,-0.069256454706192,linear_regression,C:\Users\DeAndre\Documents\Spring 2026\nndl\final_project\PPA-Estimation-Project\modeling\results\linear_regression\run_068\design_metrics.csv
s832,2,worst_slack_ns,288,0.9213114976882936,0.076676607131958,0.0896540507674217,-0.3316049873828888,0.6678580045700073,0.0963238924741745,0.0412044003605842,-0.0551194883882999,mlp,C:\Users\DeAndre\Documents\Spring 2026\nndl\final_project\PPA-Estimation-Project\modeling\results\mlp\run_073\design_metrics.csv
s832a,1,worst_slack_ns,288,0.9567433595657348,0.0615281015634536,0.0664722919464111,-0.3316049873828888,0.6678580045700073,0.0963238924741745,0.0382937043905258,-0.0580302029848098,linear_regression,C:\Users\DeAndre\Documents\Spring 2026\nndl\final_project\PPA-Estimation-Project\modeling\results\linear_regression\run_068\design_metrics.csv
s832a,1,worst_slack_ns,288,0.9474559426307678,0.0655034929513931,0.0732615515589714,-0.3316049873828888,0.6678580045700073,0.0963238924741745,0.0339453369379043,-0.0623785778880119,mlp,C:\Users\DeAndre\Documents\Spring 2026\nndl\final_project\PPA-Estimation-Project\modeling\results\mlp\run_073\design_metrics.csv
s838,5,worst_slack_ns,288,0.8563075661659241,0.1027036905288696,0.113111637532711,-0.4195489883422851,0.5179610252380371,-0.0130551923066377,-0.1132337525486946,-0.1001785844564437,linear_regression,C:\Users\DeAndre\Documents\Spring 2026\nndl\final_project\PPA-Estimation-Project\modeling\results\linear_regression\run_068\design_metrics.csv
s838,5,worst_slack_ns,288,0.9183005094528198,0.0722921267151832,0.0852903872728347,-0.4195489883422851,0.5179610252380371,-0.0130551923066377,-0.0825137794017791,-0.0694585889577865,mlp,C:\Users\DeAndre\Documents\Spring 2026\nndl\final_project\PPA-Estimation-Project\modeling\results\mlp\run_073\design_metrics.csv
s9234,4,worst_slack_ns,288,0.947520673274994,0.0735263004899025,0.0836626291275024,-0.5231829881668091,0.6010839939117432,-0.0447712615132331,-0.1182975471019744,-0.0735263004899025,linear_regression,C:\Users\DeAndre\Documents\Spring 2026\nndl\final_project\PPA-Estimation-Project\modeling\results\linear_regression\run_068\design_metrics.csv
s9234,4,worst_slack_ns,288,0.9261807203292848,0.0747309625148773,0.0992252454161644,-0.5231829881668091,0.6010839939117432,-0.0447712615132331,-0.1148736476898193,-0.0701024159789085,mlp,C:\Users\DeAndre\Documents\Spring 2026\nndl\final_project\PPA-Estimation-Project\modeling\results\mlp\run_073\design_metrics.csv
s9234a,3,worst_slack_ns,288,0.8624502420425415,0.1319212913513183,0.1342607736587524,-0.5206940174102783,0.586995005607605,-0.0476819947361946,-0.1796032637357711,-0.1319212913513183,linear_regression,C:\Users\DeAndre\Documents\Spring 2026\nndl\final_project\PPA-Estimation-Project\modeling\results\linear_regression\run_068\design_metrics.csv
s9234a,3,worst_slack_ns,288,0.8654502630233765,0.1175243854522705,0.1327885836362838,-0.5206940174102783,0.586995005607605,-0.0476819947361946,-0.1652063578367233,-0.1175243854522705,mlp,C:\Users\DeAndre\Documents\Spring 2026\nndl\final_project\PPA-Estimation-Project\modeling\results\mlp\run_073\design_metrics.csv
s953,2,worst_slack_ns,288,0.7613240480422974,0.1911608427762985,0.2029093205928802,-0.2939580082893371,0.9368590116500854,0.2338241934776306,0.0426633358001709,-0.1911608427762985,linear_regression,C:\Users\DeAndre\Documents\Spring 2026\nndl\final_project\PPA-Estimation-Project\modeling\results\linear_regression\run_068\design_metrics.csv
s953,2,worst_slack_ns,288,0.807272732257843,0.1709592342376709,0.1823346465826034,-0.2939580082893371,0.9368590116500854,0.2338241934776306,0.0628649145364761,-0.1709592342376709,mlp,C:\Users\DeAndre\Documents\Spring 2026\nndl\final_project\PPA-Estimation-Project\modeling\results\mlp\run_073\design_metrics.csv
s953a,1,worst_slack_ns,288,0.7824814319610596,0.1764217168092727,0.1937071979045868,-0.2939580082893371,0.9368590116500854,0.2338241934776306,0.0574024505913257,-0.1764217168092727,linear_regression,C:\Users\DeAndre\Documents\Spring 2026\nndl\final_project\PPA-Estimation-Project\modeling\results\linear_regression\run_068\design_metrics.csv
s953a,1,worst_slack_ns,288,0.7721092700958252,0.1841691881418228,0.1982718110084533,-0.2939580082893371,0.9368590116500854,0.2338241934776306,0.0496549867093563,-0.1841691881418228,mlp,C:\Users\DeAndre\Documents\Spring 2026\nndl\final_project\PPA-Estimation-Project\modeling\results\mlp\run_073\design_metrics.csv
sasc,5,worst_slack_ns,288,0.9569028615951538,0.071295291185379,0.0754944011569023,-0.3465690016746521,0.7585679888725281,0.1124870255589485,0.1837822794914245,0.071295291185379,linear_regression,C:\Users\DeAndre\Documents\Spring 2026\nndl\final_project\PPA-Estimation-Project\modeling\results\linear_regression\run_068\design_metrics.csv
sasc,5,worst_slack_ns,288,0.9430285692214966,0.0814827308058738,0.0867998972535133,-0.3465690016746521,0.7585679888725281,0.1124870255589485,0.1939697563648224,0.0814827308058738,mlp,C:\Users\DeAndre\Documents\Spring 2026\nndl\final_project\PPA-Estimation-Project\modeling\results\mlp\run_073\design_metrics.csv
simple_spi,4,worst_slack_ns,288,0.9115597009658812,0.0947668924927711,0.1224390417337417,-0.3276579976081848,0.9279900193214417,0.1999631524085998,0.1116328760981559,-0.088330253958702,linear_regression,C:\Users\DeAndre\Documents\Spring 2026\nndl\final_project\PPA-Estimation-Project\modeling\results\linear_regression\run_068\design_metrics.csv
simple_spi,4,worst_slack_ns,288,0.9471561312675476,0.0795430094003677,0.0946438163518905,-0.3276579976081848,0.9279900193214417,0.1999631524085998,0.1205595433712005,-0.0794036015868187,mlp,C:\Users\DeAndre\Documents\Spring 2026\nndl\final_project\PPA-Estimation-Project\modeling\results\mlp\run_073\design_metrics.csv
ss_pcm,3,worst_slack_ns,288,-0.2153109312057495,0.3500714004039764,0.3540495932102203,-0.2327879965305328,0.7496780157089233,0.2219028174877166,0.5719742178916931,0.3500714004039764,linear_regression,C:\Users\DeAndre\Documents\Spring 2026\nndl\final_project\PPA-Estimation-Project\modeling\results\linear_regression\run_068\design_metrics.csv
ss_pcm,3,worst_slack_ns,288,0.9004674553871155,0.0846776738762855,0.1013218089938163,-0.2327879965305328,0.7496780157089233,0.2219028174877166,0.3063156902790069,0.0844128876924514,mlp,C:\Users\DeAndre\Documents\Spring 2026\nndl\final_project\PPA-Estimation-Project\modeling\results\mlp\run_073\design_metrics.csv
systemcdes,2,worst_slack_ns,288,0.2474328279495239,0.3470975458621979,0.3573944270610809,-0.8039060235023499,0.5867850184440613,-0.2027876228094101,-0.5498852133750916,-0.3470975458621979,linear_regression,C:\Users\DeAndre\Documents\Spring 2026\nndl\final_project\PPA-Estimation-Project\modeling\results\linear_regression\run_068\design_metrics.csv
systemcdes,2,worst_slack_ns,288,0.754934549331665,0.1672278791666031,0.2039464861154556,-0.8039060235023499,0.5867850184440613,-0.2027876228094101,-0.2170263528823852,-0.0142387216910719,mlp,C:\Users\DeAndre\Documents\Spring 2026\nndl\final_project\PPA-Estimation-Project\modeling\results\mlp\run_073\design_metrics.csv
usb_phy,1,worst_slack_ns,288,0.8648762702941895,0.1326117813587188,0.1440561264753341,-0.2611500024795532,0.922760009765625,0.2538192272186279,0.3864309787750244,0.1326117813587188,linear_regression,C:\Users\DeAndre\Documents\Spring 2026\nndl\final_project\PPA-Estimation-Project\modeling\results\linear_regression\run_068\design_metrics.csv
usb_phy,1,worst_slack_ns,288,0.9844337105751038,0.039759948849678,0.0488943643867969,-0.2611500024795532,0.922760009765625,0.2538192272186279,0.2436051666736602,-0.0102140605449676,mlp,C:\Users\DeAndre\Documents\Spring 2026\nndl\final_project\PPA-Estimation-Project\modeling\results\mlp\run_073\design_metrics.csv
