epoch,mean_loss_worst_slack_ns,mean_train_r2_worst_slack_ns,mean_test_r2_worst_slack_ns,mean_loss_total_negative_slack_ns,mean_train_r2_total_negative_slack_ns,mean_test_r2_total_negative_slack_ns
1,0.3466507,-151.29396,-240.95267,2.081985,-0.5146135,-1.1388901
2,0.28660798,-124.512634,-241.04631,1.9880898,-0.449722,-1.1228459
3,0.23633075,-101.91273,-235.16574,1.9035561,-0.39171678,-1.1360435
4,0.19393462,-82.5311,-214.9128,1.827727,-0.34017318,-1.1680778
5,0.15754826,-66.04025,-186.8049,1.7600536,-0.2944346,-1.206824
6,0.12654729,-52.33559,-156.85233,1.6997154,-0.253638,-1.2392337
7,0.100741945,-41.29443,-128.62111,1.6456505,-0.21683726,-1.2551324
8,0.079911724,-32.726307,-104.17287,1.596696,-0.18317723,-1.2507519
9,0.063710876,-26.36441,-84.666306,1.5518042,-0.15199463,-1.2276968
10,0.0516511,-21.87284,-70.61666,1.510167,-0.1228297,-1.1900852
11,0.04311283,-18.871874,-61.973152,1.4712257,-0.09538789,-1.1426221
12,0.037391506,-16.976017,-58.13513,1.434619,-0.06948809,-1.089729
13,0.033768862,-15.829677,-58.007088,1.4001175,-0.04501698,-1.0352563
14,0.031579435,-15.128891,-60.172035,1.3675681,-0.021901798,-0.98245937
15,0.030251076,-14.630841,-63.199615,1.3368629,-9.7060205e-05,-0.93400085
16,0.029323464,-14.157521,-65.97387,1.3079264,0.02043053,-0.8919414
17,0.028456455,-13.59496,-67.8695,1.280698,0.03971684,-0.857738
18,0.02743027,-12.885794,-68.71974,1.2551154,0.057809733,-0.8322582
19,0.026132608,-12.016146,-68.65813,1.2311039,0.07476942,-0.8158308
20,0.024534347,-11.00195,-67.94365,1.2085764,0.090667166,-0.80833447
21,0.022663647,-9.878947,-66.829506,1.187437,0.10558329,-0.8093029
22,0.020586696,-8.696137,-65.48773,1.1675819,0.119605064,-0.81803495
23,0.018394709,-7.509478,-63.981964,1.1489023,0.13282155,-0.83371496
24,0.016191578,-6.373967,-62.27787,1.1312902,0.14531794,-0.85550004
25,0.014078813,-5.3356085,-60.284252,1.1146431,0.15717141,-0.8825561
26,0.012140777,-4.4261103,-57.91103,1.0988686,0.16844812,-0.91405976
27,0.01043535,-3.661808,-55.125298,1.083886,0.17920189,-0.9491857
28,0.0089925695,-3.0461195,-51.98582,1.0696278,0.18947364,-0.98708475
29,0.007819594,-2.5733895,-48.645042,1.0560405,0.1992921,-1.026872
30,0.006907814,-2.2319462,-45.32046,1.0430852,0.20867753,-1.0676128
31,0.0062381327,-2.0054116,-42.247433,1.0307323,0.21764502,-1.1083276
32,0.0057828007,-1.8728104,-39.63031,1.0189583,0.22620857,-1.1480099
33,0.005505103,-1.8089253,-37.60633,1.0077415,0.23438387,-1.1856518
34,0.005359743,-1.7861786,-36.23032,0.9970582,0.24219123,-1.2202668
35,0.005296336,-1.7782593,-35.479317,0.9868801,0.24965551,-1.2509137
36,0.005266326,-1.7643465,-35.270187,0.97717345,0.25680473,-1.2767357
37,0.0052310023,-1.7319748,-35.48037,0.96790045,0.2636664,-1.2970073
38,0.005166878,-1.6771462,-35.964577,0.9590241,0.27026516,-1.3111906
39,0.0050658425,-1.6018505,-36.565857,0.9505097,0.27662113,-1.3189788
40,0.0049304888,-1.5106306,-37.124588,0.9423283,0.28274876,-1.3203361
41,0.004767783,-1.4079784,-37.490837,0.9344574,0.2886569,-1.3155063
42,0.0045844107,-1.2973692,-37.542023,0.9268817,0.29434925,-1.3049889
43,0.00438526,-1.1815555,-37.202858,0.9195925,0.29982704,-1.2894833
44,0.004174195,-1.0632559,-36.460865,0.9125851,0.30509105,-1.2698148
45,0.003955491,-0.9455713,-35.37073,0.90585583,0.3101439,-1.2468628
46,0.0037346475,-0.8318862,-34.044895,0.89939976,0.31499082,-1.2215027
47,0.0035181872,-0.7253413,-32.63233,0.8932093,0.31964007,-1.1945661
48,0.0033125915,-0.6281835,-31.29192,0.8872735,0.32410216,-1.1668193
49,0.0031229614,-0.54137427,-30.167385,0.8815792,0.3283886,-1.138949
50,0.002952124,-0.46470603,-29.3694,0.87611216,0.33251017,-1.1115545
51,0.0028006858,-0.39730936,-28.96661,0.87085927,0.33647573,-1.0851289
52,0.0026678387,-0.33819604,-28.984314,0.8658096,0.3402916,-1.0600436
53,0.0025522704,-0.28655368,-29.407185,0.8609556,0.34396142,-1.0365393
54,0.0024526734,-0.24177203,-30.183704,0.85629225,0.34748715,-1.0147283
55,0.0023678206,-0.20332639,-31.230854,0.85181695,0.35086998,-0.9946144
56,0.0022964324,-0.17061551,-32.44013,0.8475274,0.35411137,-0.9761135
57,0.0022369626,-0.14282237,-33.68655,0.8434213,0.3572138,-0.95908165
58,0.0021873952,-0.11888665,-34.84153,0.8394948,0.36018053,-0.9433338
59,0.0021452256,-0.09764595,-35.788837,0.8357431,0.36301655,-0.928656
60,0.002107761,-0.07806383,-36.440723,0.8321598,0.36572757,-0.9148121
61,0.0020726244,-0.059392773,-36.750416,0.82873726,0.3683199,-0.9015579
62,0.0020381436,-0.041208707,-36.71743,0.8254672,0.37080017,-0.88866174
63,0.002003477,-0.023375427,-36.384514,0.82234156,0.37317473,-0.87592506
64,0.0019685326,-0.0059976103,-35.82721,0.81935215,0.37544948,-0.86320907
65,0.0019338118,0.010658753,-35.138878,0.8164916,0.3776296,-0.850443
66,0.0019001644,0.026304543,-34.414734,0.8137531,0.37971982,-0.83762443
67,0.0018684469,0.040767312,-33.738316,0.8111307,0.38172382,-0.82480705
68,0.0018392202,0.054039598,-33.17204,0.80861914,0.383645,-0.8120815
69,0.0018126536,0.06621069,-32.752644,0.80621386,0.38548642,-0.7995645
70,0.0017886622,0.07734923,-32.49071,0.80391055,0.38725096,-0.78738713
71,0.0017671309,0.08743385,-32.373627,0.80170524,0.38894147,-0.7756917
72,0.0017480447,0.09638159,-32.370827,0.7995939,0.39056104,-0.76462585
73,0.0017314439,0.104145035,-32.440834,0.79757255,0.39211267,-0.75432575
74,0.0017172638,0.11079764,-32.53921,0.79563695,0.39359957,-0.7449043
75,0.0017052097,0.11654049,-32.62661,0.79378307,0.3950247,-0.7364359
76,0.001694775,0.12163098,-32.675514,0.79200697,0.39639097,-0.728949
77,0.0016853934,0.12629475,-32.67443,0.7903048,0.39770097,-0.722427
78,0.001676609,0.13067408,-32.628677,0.78867334,0.39895695,-0.7168198
79,0.0016681645,0.13483122,-32.557568,0.78710973,0.4001611,-0.71205264
80,0.0016599868,0.13878852,-32.489113,0.7856113,0.40131527,-0.7080352
81,0.001652096,0.14258012,-32.45346,0.78417546,0.40242118,-0.7046644
82,0.0016444953,0.14627987,-32.47666,0.7828002,0.40348077,-0.7018284
83,0.0016371014,0.14998282,-32.575954,0.7814832,0.40449563,-0.699409
84,0.0016297714,0.15375021,-32.75685,0.7802223,0.4054675,-0.6972939
85,0.0016224034,0.15756662,-33.012566,0.77901554,0.4063979,-0.69538563
86,0.0016150235,0.16134098,-33.325165,0.7778609,0.4072888,-0.6936108
87,0.0016077891,0.16494754,-33.6686,0.7767562,0.40814137,-0.69192326
88,0.0016009199,0.16827406,-34.012886,0.77569973,0.4089573,-0.69029826
89,0.0015946081,0.17125177,-34.3291,0.7746895,0.409738,-0.6887275
90,0.0015889637,0.1738575,-34.59415,0.7737235,0.4104851,-0.68721175
91,0.0015840123,0.17609802,-34.79439,0.77279985,0.41119975,-0.68575805
92,0.0015797274,0.17799823,-34.92753,0.7719167,0.41188365,-0.6843807
93,0.0015760573,0.17960337,-35.002342,0.77107227,0.4125378,-0.6830964
94,0.0015729213,0.1809859,-35.036392,0.770265,0.41316366,-0.6819229
95,0.0015701933,0.18223897,-35.0524,0.76949304,0.4137624,-0.68087137
96,0.0015677072,0.18345688,-35.074024,0.76875526,0.41433507,-0.6799418
97,0.0015652928,0.18471555,-35.121925,0.76804984,0.41488284,-0.679121
98,0.0015628111,0.18606165,-35.210625,0.76737565,0.41540688,-0.67838705
99,0.0015601752,0.18750754,-35.34673,0.76673126,0.415908,-0.6777111
100,0.0015573621,0.18903115,-35.52859,0.7661153,0.41638726,-0.67706335
101,0.001554413,0.19058268,-35.747334,0.7655268,0.41684565,-0.67641336
102,0.0015514197,0.19209906,-35.98902,0.7649643,0.41728407,-0.6757287
103,0.0015484986,0.19352183,-36.237633,0.76442677,0.41770333,-0.67497814
104,0.0015457573,0.19481051,-36.478172,0.763913,0.41810447,-0.6741312
105,0.0015432701,0.19595027,-36.69947,0.7634219,0.41848826,-0.6731638
106,0.0015410638,0.19694923,-36.895954,0.7629524,0.41885552,-0.6720594
107,0.0015391228,0.19783142,-37.068348,0.7625035,0.4192071,-0.67080986
108,0.0015374019,0.19862887,-37.22277,0.76207423,0.41954365,-0.6694134
109,0.0015358416,0.19937676,-37.36891,0.7616636,0.4198658,-0.6678694
110,0.0015343758,0.20011029,-37.517555,0.76127094,0.42017436,-0.6661786
111,0.0015329389,0.20086057,-37.67798,0.76089525,0.4204699,-0.6643427
112,0.0015314717,0.20164856,-37.85603,0.76053584,0.42075294,-0.6623658
113,0.0015299346,0.20247991,-38.053047,0.7601918,0.42102414,-0.66025555
114,0.0015283155,0.20334406,-38.265774,0.75986254,0.42128402,-0.658019
115,0.0015266343,0.20421986,-38.487404,0.75954753,0.42153305,-0.65566546
116,0.0015249307,0.2050842,-38.70923,0.75924575,0.42177185,-0.6532019
117,0.0015232489,0.2059186,-38.92269,0.7589569,0.4220008,-0.65063494
118,0.001521623,0.20671138,-39.12126,0.7586802,0.4222204,-0.64797294
119,0.0015200758,0.20745702,-39.30181,0.7584151,0.42243105,-0.64522725
120,0.0015186182,0.20815544,-39.46511,0.7581612,0.42263326,-0.6424108
121,0.0015172504,0.20881188,-39.615532,0.75791776,0.4228274,-0.63953817
122,0.0015159638,0.20943657,-39.75991,0.75768435,0.42301378,-0.63662183
123,0.0015147395,0.21004196,-39.905987,0.75746036,0.42319292,-0.63367295
124,0.001513554,0.21063933,-40.060802,0.75724554,0.42336506,-0.6307019
125,0.0015123861,0.21123633,-40.229355,0.7570393,0.42353064,-0.6277174
126,0.001511221,0.2118359,-40.413696,0.75684124,0.4236899,-0.6247261
127,0.0015100526,0.21243718,-40.61287,0.7566509,0.4238433,-0.62173337
128,0.001508882,0.21303627,-40.823277,0.75646794,0.42399096,-0.61874044
129,0.0015077163,0.21362782,-41.039703,0.756292,0.4241333,-0.61574453
130,0.0015065649,0.21420665,-41.256527,0.7561227,0.42427045,-0.61274195
131,0.0015054377,0.21476904,-41.46887,0.75595963,0.42440277,-0.60972846
132,0.0015043413,0.21531343,-41.673553,0.7558025,0.42453045,-0.6066997
133,0.0015032786,0.21584067,-41.869583,0.7556512,0.42465383,-0.6036523
134,0.0015022487,0.21635255,-42.058125,0.7555052,0.42477298,-0.60058343
135,0.0015012481,0.21685138,-42.242012,0.7553643,0.42488813,-0.5974907
136,0.0015002728,0.21733966,-42.42499,0.7552283,0.42499962,-0.59437406
137,0.0014993182,0.21781969,-42.610756,0.75509685,0.42510748,-0.591235
138,0.00149838,0.21829322,-42.802216,0.75496984,0.42521197,-0.5880777
139,0.001497455,0.21876156,-43.00087,0.75484693,0.42531317,-0.5849081
140,0.0014965403,0.21922497,-43.206657,0.75472796,0.42541146,-0.5817307
141,0.0014956354,0.21968293,-43.41815,0.75461274,0.42550674,-0.57855165
142,0.0014947411,0.22013426,-43.632908,0.754501,0.42559925,-0.5753741
143,0.0014938593,0.22057852,-43.84823,0.75439256,0.42568913,-0.5722027
144,0.0014929913,0.22101553,-44.061684,0.7542874,0.42577654,-0.5690405
145,0.0014921369,0.22144537,-44.271732,0.7541853,0.42586154,-0.56588876
146,0.0014912963,0.22186804,-44.477894,0.754086,0.42594433,-0.5627483
147,0.0014904698,0.22228375,-44.68089,0.75398946,0.42602497,-0.5596175
148,0.0014896566,0.22269265,-44.882256,0.7538954,0.4261036,-0.5564936
149,0.0014888567,0.22309527,-45.083904,0.75380385,0.4261802,-0.5533742
150,0.0014880693,0.223492,-45.287586,0.7537147,0.426255,-0.5502561
151,0.0014872937,0.2238833,-45.494465,0.7536276,0.4263281,-0.54713666
152,0.0014865289,0.22426924,-45.704758,0.75354266,0.42639947,-0.54401314
153,0.0014857744,0.2246501,-45.917763,0.75345975,0.42646924,-0.54088306
154,0.0014850298,0.22502604,-46.13195,0.7533787,0.4265375,-0.537745
155,0.0014842949,0.22539707,-46.345436,0.75329936,0.42660442,-0.5345977
156,0.0014835694,0.22576347,-46.55636,0.7532218,0.4266699,-0.5314411
157,0.0014828525,0.2261252,-46.763374,0.7531458,0.42673406,-0.52827644
158,0.0014821447,0.22648248,-46.965904,0.75307137,0.426797,-0.5251053
159,0.0014814453,0.22683544,-47.164238,0.7529984,0.42685875,-0.521929
160,0.0014807543,0.22718425,-47.359497,0.7529268,0.42691937,-0.51875
161,0.0014800713,0.2275289,-47.553204,0.7528565,0.4269789,-0.51556975
162,0.0014793967,0.22786954,-47.747074,0.7527875,0.42703742,-0.5123914
163,0.0014787295,0.22820619,-47.942482,0.7527197,0.42709494,-0.50921696
164,0.0014780703,0.22853915,-48.14031,0.75265294,0.4271516,-0.5060471
165,0.0014774184,0.22886853,-48.34072,0.7525873,0.4272073,-0.50288343
166,0.0014767733,0.22919433,-48.543316,0.75252265,0.42726216,-0.49972525
167,0.0014761349,0.22951674,-48.74723,0.7524591,0.4273162,-0.4965728
168,0.0014755031,0.2298358,-48.95147,0.7523964,0.42736942,-0.49342555
169,0.001474878,0.2301518,-49.15514,0.7523345,0.42742196,-0.49028197
170,0.0014742587,0.23046462,-49.35771,0.75227356,0.4274737,-0.48714167
171,0.0014736456,0.23077445,-49.55906,0.75221336,0.42752475,-0.4840029
172,0.0014730382,0.23108137,-49.759422,0.752154,0.42757526,-0.4808646
173,0.0014724364,0.23138528,-49.959362,0.7520953,0.4276251,-0.47772676
174,0.0014718403,0.2316865,-50.15945,0.75203735,0.42767435,-0.47458953
175,0.0014712496,0.23198481,-50.360184,0.75198007,0.427723,-0.47145405
176,0.0014706645,0.23228054,-50.56176,0.7519233,0.4277711,-0.4683214
177,0.0014700845,0.23257355,-50.764076,0.7518673,0.4278187,-0.46519312
178,0.0014695096,0.23286399,-50.966747,0.7518118,0.42786568,-0.46207166
179,0.0014689398,0.23315187,-51.16918,0.75175685,0.42791232,-0.4589588
180,0.0014683749,0.23343726,-51.370808,0.7517025,0.4279584,-0.45585656
181,0.0014678149,0.23372023,-51.57116,0.75164855,0.4280041,-0.4527669
182,0.0014672594,0.23400083,-51.77001,0.7515952,0.42804927,-0.44969064
183,0.0014667084,0.23427911,-51.967415,0.75154227,0.42809406,-0.44662887
184,0.0014661619,0.23455513,-52.163708,0.7514898,0.42813855,-0.44358134
185,0.0014656199,0.2348289,-52.359352,0.7514378,0.4281825,-0.44054833
186,0.0014650823,0.23510055,-52.55489,0.75138617,0.42822608,-0.43752924
187,0.0014645485,0.23537007,-52.750774,0.7513349,0.4282694,-0.4345235
188,0.0014640192,0.23563747,-52.947254,0.7512841,0.4283123,-0.4315304
189,0.0014634937,0.23590286,-53.14435,0.75123364,0.42835492,-0.4285488
190,0.0014629724,0.2361662,-53.341908,0.7511835,0.42839718,-0.42557937
191,0.0014624547,0.23642755,-53.53958,0.75113374,0.42843914,-0.42262092
192,0.001461941,0.23668694,-53.737,0.75108427,0.42848077,-0.41967455
193,0.001461431,0.23694429,-53.93383,0.7510352,0.42852217,-0.41673964
194,0.001460925,0.23719986,-54.129852,0.7509864,0.4285632,-0.4138171
195,0.0014604228,0.23745349,-54.32498,0.7509378,0.42860404,-0.41090792
196,0.0014599238,0.23770532,-54.519325,0.7508896,0.42864457,-0.4080122
197,0.0014594285,0.23795536,-54.713085,0.7508416,0.42868486,-0.40513134
198,0.0014589366,0.2382035,-54.906445,0.7507939,0.42872486,-0.40226573
199,0.0014584486,0.23845,-55.09961,0.7507465,0.42876467,-0.3994162
200,0.0014579634,0.2386947,-55.292652,0.7506992,0.42880422,-0.39658245
201,0.001457482,0.23893769,-55.485542,0.7506523,0.42884356,-0.39376578
202,0.0014570036,0.23917904,-55.67813,0.75060564,0.4288827,-0.39096606
203,0.0014565287,0.2394187,-55.87024,0.75055915,0.4289216,-0.3881835
204,0.001456057,0.23965664,-56.061665,0.75051284,0.42896032,-0.385418
205,0.0014555884,0.23989291,-56.25233,0.7504669,0.42899877,-0.38266987
206,0.0014551232,0.24012765,-56.44218,0.750421,0.42903703,-0.3799383
207,0.0014546609,0.24036078,-56.631298,0.75037545,0.4290751,-0.37722453
208,0.0014542018,0.24059224,-56.819813,0.7503299,0.42911306,-0.3745274
209,0.0014537459,0.24082223,-57.007904,0.75028473,0.42915076,-0.3718477
210,0.0014532928,0.24105065,-57.195747,0.7502397,0.4291883,-0.3691851
211,0.0014528428,0.24127755,-57.383392,0.75019485,0.42922568,-0.36653996
212,0.0014523957,0.24150285,-57.570892,0.7501501,0.42926294,-0.36391243
213,0.0014519516,0.24172673,-57.75814,0.75010556,0.42929992,-0.3613028
214,0.0014515104,0.24194913,-57.94505,0.7500612,0.4293368,-0.35871112
215,0.0014510722,0.24217005,-58.131447,0.75001705,0.42937356,-0.35613823
216,0.0014506367,0.2423894,-58.317192,0.7499731,0.42941007,-0.35358387
217,0.001450204,0.24260738,-58.502266,0.7499292,0.42944652,-0.35104886
218,0.0014497743,0.24282393,-58.686596,0.7498855,0.42948276,-0.34853306
219,0.0014493472,0.24303906,-58.87025,0.749842,0.42951888,-0.34603655
220,0.001448923,0.24325275,-59.053303,0.7497986,0.42955488,-0.34356
221,0.0014485013,0.24346504,-59.23587,0.7497553,0.4295907,-0.34110314
222,0.0014480826,0.2436759,-59.41798,0.7497123,0.42962646,-0.33866617
223,0.0014476667,0.24388543,-59.59968,0.7496694,0.42966205,-0.3362489
224,0.0014472534,0.24409357,-59.780926,0.7496265,0.42969742,-0.33385175
225,0.0014468426,0.2443004,-59.96171,0.74958384,0.4297327,-0.3314748
226,0.0014464344,0.24450581,-60.141926,0.74954134,0.4297679,-0.32911763
227,0.0014460289,0.24470988,-60.321514,0.74949896,0.42980298,-0.32678097
228,0.001445626,0.2449127,-60.500435,0.74945664,0.42983788,-0.32446438
229,0.0014452257,0.24511406,-60.67868,0.7494145,0.42987275,-0.32216835
230,0.0014448281,0.24531421,-60.85627,0.7493724,0.42990738,-0.31989318
231,0.0014444327,0.24551305,-61.033222,0.74933064,0.42994204,-0.3176386
232,0.0014440402,0.24571061,-61.209602,0.74928886,0.42997646,-0.3154052
233,0.00144365,0.24590683,-61.385418,0.7492472,0.43001086,-0.31319267
234,0.0014432624,0.24610183,-61.5607,0.74920565,0.43004504,-0.31100172
235,0.0014428771,0.24629554,-61.73543,0.7491642,0.43007922,-0.30883166
236,0.0014424945,0.2464879,-61.909565,0.749123,0.43011323,-0.30668372
237,0.0014421142,0.24667916,-62.08302,0.7490818,0.4301471,-0.30455726
238,0.0014417365,0.24686909,-62.25579,0.74904084,0.43018094,-0.30245236
239,0.0014413608,0.24705783,-62.427845,0.7489999,0.43021464,-0.30036917
240,0.0014409882,0.24724527,-62.59915,0.7489591,0.43024826,-0.29830775
241,0.0014406174,0.24743156,-62.769753,0.7489184,0.4302817,-0.29626834
242,0.0014402492,0.2476166,-62.93966,0.7488777,0.43031517,-0.2942503
243,0.0014398833,0.24780044,-63.108917,0.74883735,0.43034846,-0.29225457
244,0.0014395198,0.24798313,-63.27755,0.74879694,0.4303816,-0.2902806
245,0.0014391585,0.24816456,-63.445576,0.7487566,0.43041474,-0.28832862
246,0.0014387997,0.24834487,-63.612988,0.74871653,0.43044776,-0.2863987
247,0.001438443,0.24852398,-63.779755,0.74867654,0.43048063,-0.28449097
248,0.0014380885,0.2487019,-63.94585,0.74863654,0.43051344,-0.28260535
249,0.0014377364,0.24887875,-64.11128,0.74859667,0.43054613,-0.28074217
250,0.0014373867,0.24905427,-64.27596,0.74855703,0.4305787,-0.27890095
251,0.0014370393,0.24922884,-64.439926,0.7485174,0.43061128,-0.27708235
252,0.001436694,0.24940217,-64.603195,0.7484778,0.43064374,-0.2752861
253,0.0014363509,0.24957435,-64.765755,0.7484385,0.43067604,-0.27351245
254,0.00143601,0.24974544,-64.92762,0.74839914,0.43070826,-0.27176118
255,0.0014356712,0.24991536,-65.0888,0.74836004,0.43074045,-0.27003232
256,0.0014353348,0.2500843,-65.24928,0.74832094,0.43077248,-0.26832604
257,0.0014350003,0.25025195,-65.40909,0.74828184,0.43080443,-0.26664233
258,0.0014346682,0.25041872,-65.56817,0.748243,0.43083638,-0.26498103
259,0.001434338,0.2505842,-65.72653,0.7482042,0.4308682,-0.26334223
260,0.0014340102,0.2507487,-65.88416,0.74816555,0.43089986,-0.26172623
261,0.0014336844,0.25091213,-66.04104,0.748127,0.4309315,-0.2601325
262,0.0014333606,0.2510745,-66.197174,0.7480885,0.43096304,-0.25856137
263,0.0014330389,0.25123566,-66.35257,0.7480501,0.4309945,-0.2570127
264,0.0014327195,0.25139594,-66.50721,0.74801177,0.4310259,-0.2554868
265,0.001432402,0.2515551,-66.66115,0.7479736,0.43105713,-0.25398332
266,0.0014320865,0.25171322,-66.81436,0.7479356,0.4310883,-0.25250247
267,0.0014317732,0.25187033,-66.96684,0.7478976,0.43111938,-0.2510442
268,0.0014314617,0.25202638,-67.11865,0.74785966,0.43115044,-0.24960837
269,0.0014311522,0.25218135,-67.26968,0.74782187,0.43118137,-0.24819538
270,0.0014308449,0.2523354,-67.42,0.7477842,0.43121225,-0.24680471
271,0.0014305395,0.25248843,-67.569565,0.7477466,0.43124294,-0.24543647
272,0.001430236,0.25264043,-67.71836,0.74770916,0.43127364,-0.24409084
273,0.0014299346,0.25279135,-67.86639,0.7476717,0.43130428,-0.24276772
274,0.0014296352,0.25294134,-68.01368,0.7476344,0.4313348,-0.24146704
275,0.0014293378,0.25309038,-68.160194,0.7475973,0.4313652,-0.24018875
276,0.001429042,0.2532384,-68.305954,0.74756014,0.4313956,-0.23893285
277,0.0014287482,0.25338545,-68.45097,0.7475232,0.4314258,-0.23769943
278,0.0014284564,0.25353158,-68.59527,0.7474863,0.431456,-0.23648839
279,0.0014281664,0.2536767,-68.73879,0.74744946,0.43148607,-0.23529997
280,0.0014278784,0.2538209,-68.881546,0.7474128,0.43151608,-0.23413363
281,0.0014275921,0.25396404,-69.02357,0.74737614,0.43154603,-0.2329896
282,0.0014273081,0.25410634,-69.164764,0.74733967,0.43157586,-0.23186827
283,0.0014270255,0.25424767,-69.30525,0.7473032,0.43160564,-0.2307692
284,0.001426745,0.25438815,-69.44496,0.7472669,0.43163532,-0.22969231
285,0.001426466,0.25452763,-69.58391,0.7472307,0.43166494,-0.2286377
286,0.0014261889,0.25466627,-69.72211,0.7471945,0.43169445,-0.22760515
287,0.0014259138,0.25480384,-69.85954,0.74715865,0.4317239,-0.22659497
288,0.0014256403,0.2549406,-69.9962,0.74712265,0.43175322,-0.22560704
289,0.0014253687,0.25507647,-70.13214,0.7470869,0.43178248,-0.22464117
290,0.0014250987,0.2552114,-70.2673,0.7470511,0.43181172,-0.22369742
291,0.0014248306,0.25534543,-70.40169,0.74701536,0.4318408,-0.22277589
292,0.0014245643,0.25547862,-70.53531,0.74697995,0.43186983,-0.22187622
293,0.0014242996,0.25561088,-70.66818,0.74694455,0.43189877,-0.22099867
294,0.0014240367,0.25574237,-70.800285,0.74690914,0.43192762,-0.22014324
295,0.0014237755,0.25587294,-70.93162,0.7468739,0.43195644,-0.21930972
296,0.0014235157,0.2560026,-71.06219,0.74683875,0.43198514,-0.21849799
297,0.001423258,0.25613147,-71.19199,0.74680364,0.43201375,-0.21770826
298,0.0014230016,0.25625947,-71.32103,0.7467688,0.4320423,-0.21694028
299,0.0014227473,0.25638658,-71.449326,0.74673384,0.43207073,-0.21619408
300,0.0014224944,0.2565129,-71.576866,0.74669915,0.43209916,-0.2154696
