epoch,train_loss,train_mae,train_rmse,train_mape,train_r2,test_loss,test_mae,test_rmse,test_mape,test_r2,num_epochs,learning_rate,batch_size,weight_decay,loss_fn,target_name,target_transform,device,shuffle_training,hidden_dim,num_gat_layers,num_heads,dropout
1,0.4126802182623318,0.3259021079256421,0.4102141031773446,199.04987195938352,0.02873295545578003,0.4025622192430236,0.3256200342660859,0.39804028097314875,587.9547058589875,-0.024123072624206543,300,0.0001,32,0.0001,SmoothL1Loss,wns,none,cuda,True,32,2,4,0.1
2,0.3167897680449107,0.2754479039401289,0.3510512577636138,200.35650401645236,0.28869062662124634,0.3963422282998051,0.3138291250825638,0.4031821792453055,1152.2779048662337,-0.05075335502624512,300,0.0001,32,0.0001,SmoothL1Loss,wns,none,cuda,True,32,2,4,0.1
3,0.1500494388183431,0.17504679523999728,0.2339394219957724,299.32074592227025,0.6841184496879578,0.29363402145515594,0.25928479036878027,0.3472536463277044,1179.6748584868417,0.2205437421798706,300,0.0001,32,0.0001,SmoothL1Loss,wns,none,cuda,True,32,2,4,0.1
4,0.09777588777184959,0.14004414921833408,0.1861317752568603,354.4520892642793,0.8000329732894897,0.19879436908319356,0.20673104538212692,0.27537599904058674,877.8435283993917,0.5098259449005127,300,0.0001,32,0.0001,SmoothL1Loss,wns,none,cuda,True,32,2,4,0.1
5,0.07983941564129458,0.12480654307301083,0.16743939514690376,380.59524596683565,0.8381798267364502,0.22402057962007968,0.20569349707119047,0.3034048477522024,905.3665655681065,0.4049641489982605,300,0.0001,32,0.0001,SmoothL1Loss,wns,none,cuda,True,32,2,4,0.1
6,0.07051664612270774,0.11588332018563671,0.15726582714140136,370.3896703568716,0.8572466969490051,0.24817561585408088,0.21554612248603786,0.32626001536426547,1024.6168061210997,0.3119407892227173,300,0.0001,32,0.0001,SmoothL1Loss,wns,none,cuda,True,32,2,4,0.1
7,0.06273105242363518,0.10950142703950405,0.147872992058617,389.8564343376765,0.8737896084785461,0.3180382010556521,0.23800908769702628,0.40039708382639433,1223.9171587474762,-0.03628671169281006,300,0.0001,32,0.0001,SmoothL1Loss,wns,none,cuda,True,32,2,4,0.1
8,0.05541668159680234,0.10209348166568412,0.13887097616838667,369.3118387328254,0.8886883854866028,0.3279548708773551,0.25064386190136984,0.40497017059670093,1307.626903412834,-0.06009352207183838,300,0.0001,32,0.0001,SmoothL1Loss,wns,none,cuda,True,32,2,4,0.1
9,0.05078253923131833,0.09759138314615166,0.1328969609975411,379.3710628615485,0.8980593085289001,0.31272617029950084,0.2446935728842777,0.3883779363424528,1260.9331388246446,0.024994254112243652,300,0.0001,32,0.0001,SmoothL1Loss,wns,none,cuda,True,32,2,4,0.1
10,0.047493909437593726,0.09450106086238982,0.12844870513550635,322.77342839468093,0.9047693014144897,0.29286698091753005,0.24098310699420317,0.3659871786191065,1246.521900706821,0.13417553901672363,300,0.0001,32,0.0001,SmoothL1Loss,wns,none,cuda,True,32,2,4,0.1
11,0.04383016939068006,0.0906072532285064,0.12331806457466779,346.11883619096545,0.9122250080108643,0.29685248888932936,0.23745869821499263,0.3733740325234291,1255.150279045105,0.09887242317199707,300,0.0001,32,0.0001,SmoothL1Loss,wns,none,cuda,True,32,2,4,0.1
12,0.040880932435688994,0.08836569271922584,0.11906959774668807,326.19076746229143,0.9181687235832214,0.27081523352258263,0.22755823692395574,0.3464101567722141,1179.9756660839869,0.22432583570480347,300,0.0001,32,0.0001,SmoothL1Loss,wns,none,cuda,True,32,2,4,0.1
13,0.0387337161117189,0.08604198261090214,0.11590576782280608,295.8418071156456,0.9224596619606018,0.2991694394935159,0.24070050480169436,0.3730885882511411,1258.5024261398921,0.10024964809417725,300,0.0001,32,0.0001,SmoothL1Loss,wns,none,cuda,True,32,2,4,0.1
14,0.03701564973397624,0.08456988588330291,0.11326470588709396,275.28922292164395,0.9259531497955322,0.36010860569594016,0.2732539317969765,0.42082551258404155,1455.8186360011025,-0.1447277069091797,300,0.0001,32,0.0001,SmoothL1Loss,wns,none,cuda,True,32,2,4,0.1
15,0.0351312940992001,0.08225960813699261,0.11034212299821491,255.9086592008197,0.9297251105308533,0.31871566784338073,0.2523612246538202,0.387382262293274,1318.449808090452,0.029986977577209473,300,0.0001,32,0.0001,SmoothL1Loss,wns,none,cuda,True,32,2,4,0.1
16,0.033045147213020494,0.07998408965529903,0.10702456774021424,230.29915396372476,0.9338873624801636,0.3732789189107568,0.2783911210292625,0.43703272435410895,1476.05214371,-0.23459947109222412,300,0.0001,32,0.0001,SmoothL1Loss,wns,none,cuda,True,32,2,4,0.1
17,0.031116726542157785,0.07882584242652806,0.10386200262501169,248.44243414439853,0.9377368688583374,0.30986399803124,0.24546183057365908,0.38081660590562505,1278.8159760293506,0.06258940696716309,300,0.0001,32,0.0001,SmoothL1Loss,wns,none,cuda,True,32,2,4,0.1
18,0.030763695770431133,0.07753315118570177,0.10327593600792939,217.47930304966275,0.9384375810623169,0.30977624674426535,0.24683547627535604,0.3788856348244645,1289.079441010006,0.07207179069519043,300,0.0001,32,0.0001,SmoothL1Loss,wns,none,cuda,True,32,2,4,0.1
19,0.028615333845779772,0.07500202532502867,0.0995880314675582,221.82511067768885,0.9427557587623596,0.363840223923381,0.2666353002811472,0.4341309616746114,1446.8572697790842,-0.21825897693634033,300,0.0001,32,0.0001,SmoothL1Loss,wns,none,cuda,True,32,2,4,0.1
20,0.027684443024179294,0.07389561418029997,0.09795833927993303,200.06838826527672,0.9446139931678772,0.3591822457036913,0.2662442952453617,0.4262224212072762,1443.1391141755241,-0.17427730560302734,300,0.0001,32,0.0001,SmoothL1Loss,wns,none,cuda,True,32,2,4,0.1
21,0.02669823963549875,0.07284580280501692,0.0961868875164158,177.36955052330381,0.946599006652832,0.38844620034704724,0.28113406661543106,0.4453607922049273,1538.9627853385987,-0.2821005582809448,300,0.0001,32,0.0001,SmoothL1Loss,wns,none,cuda,True,32,2,4,0.1
22,0.02617298236249813,0.07183802988202799,0.09524062062115239,196.42055789251177,0.9476445317268372,0.33434726013792754,0.251328792836931,0.4052013806961208,1348.9987955093384,-0.061304330825805664,300,0.0001,32,0.0001,SmoothL1Loss,wns,none,cuda,True,32,2,4,0.1
23,0.024479397659426524,0.07006425797821038,0.09209965071470987,170.40666663457478,0.9510409235954285,0.3685313915064196,0.27218064945191145,0.41815676402393764,1474.7392148820181,-0.13025474548339844,300,0.0001,32,0.0001,SmoothL1Loss,wns,none,cuda,True,32,2,4,0.1
24,0.023677868628135278,0.06809662557428792,0.09058384373308312,133.2126261393229,0.9526392221450806,0.39136856197590186,0.28263228364466203,0.4399718100377461,1541.8211651151144,-0.25126075744628906,300,0.0001,32,0.0001,SmoothL1Loss,wns,none,cuda,True,32,2,4,0.1
25,0.023153886690528855,0.06777786176710848,0.08958745595596442,172.3818821831355,0.953675389289856,0.3826555582728895,0.27475793102371787,0.44246970096386484,1522.4751738555847,-0.26550889015197754,300,0.0001,32,0.0001,SmoothL1Loss,wns,none,cuda,True,32,2,4,0.1
26,0.02212793034471808,0.06686916601444994,0.0875650137477254,172.0903991593255,0.9557433128356934,0.3746263720409294,0.2734987059282878,0.4273784970747427,1480.9960338539547,-0.18065619468688965,300,0.0001,32,0.0001,SmoothL1Loss,wns,none,cuda,True,32,2,4,0.1
27,0.020860467917315426,0.0649982165870449,0.08502053318616036,143.15246510127233,0.9582780003547668,0.4230162292101701,0.29683269269113977,0.4573492056113672,1615.280061956436,-0.35205376148223877,300,0.0001,32,0.0001,SmoothL1Loss,wns,none,cuda,True,32,2,4,0.1
28,0.020920163803985193,0.0648941413484632,0.08514184453910643,170.03801074103703,0.9581588506698608,0.299999597915245,0.2370722633712585,0.3623380148966415,1243.1359050614494,0.1513553261756897,300,0.0001,32,0.0001,SmoothL1Loss,wns,none,cuda,True,32,2,4,0.1
29,0.019700724860682847,0.06282448066428067,0.08262563148478722,160.26321321820456,0.9605953693389893,0.22646325147740307,0.20070716002512545,0.30022457203314173,1040.0886622951143,0.41737306118011475,300,0.0001,32,0.0001,SmoothL1Loss,wns,none,cuda,True,32,2,4,0.1
30,0.019053200947209484,0.06203700609446045,0.08125330921580315,131.25422245358664,0.9618934392929077,0.36732745958521723,0.2657025716016217,0.4258954033424754,1453.8845063088431,-0.17247629165649414,300,0.0001,32,0.0001,SmoothL1Loss,wns,none,cuda,True,32,2,4,0.1
31,0.018863786649446757,0.06121814629388234,0.0808519881982256,132.7969814255124,0.9622689485549927,0.29567528487874256,0.23532030933965292,0.3569071201523668,1245.5331829256481,0.17660433053970337,300,0.0001,32,0.0001,SmoothL1Loss,wns,none,cuda,True,32,2,4,0.1
32,0.018097339484411928,0.06009287311739865,0.07918889740214222,132.20283963188294,0.9638051986694336,0.30938238958876196,0.23829158306831405,0.37543023963731026,1261.5580120389425,0.08891987800598145,300,0.0001,32,0.0001,SmoothL1Loss,wns,none,cuda,True,32,2,4,0.1
33,0.017976186942264792,0.059327088370327914,0.0789234253514991,122.32478869528998,0.9640474915504456,0.2511627458448019,0.21324480109153285,0.3176069791582827,1084.2287533491376,0.34795403480529785,300,0.0001,32,0.0001,SmoothL1Loss,wns,none,cuda,True,32,2,4,0.1
34,0.016660676773874058,0.05755858166172864,0.07598057753900792,149.31960026044695,0.9666786193847656,0.27648608843770084,0.2243053512204261,0.34218530741119096,1166.4047262214478,0.24313080310821533,300,0.0001,32,0.0001,SmoothL1Loss,wns,none,cuda,True,32,2,4,0.1
35,0.01683753246204957,0.05794863636413264,0.07638278636446226,113.54874001987396,0.9663249254226685,0.3100412598901635,0.24135353985346025,0.3692215038583515,1260.0858578549492,0.11880487203598022,300,0.0001,32,0.0001,SmoothL1Loss,wns,none,cuda,True,32,2,4,0.1
36,0.016544840579468107,0.05709819540026642,0.07571598325665754,116.00708125129579,0.9669103026390076,0.3193452762382563,0.2457542118897277,0.3762094454003417,1281.3883479738993,0.08513396978378296,300,0.0001,32,0.0001,SmoothL1Loss,wns,none,cuda,True,32,2,4,0.1
37,0.015743672766441865,0.05557907629935514,0.07386030133149317,107.69783832156469,0.9685124158859253,0.2858495237961752,0.2274739011856062,0.3494009860424889,1171.8463081310665,0.2108740210533142,300,0.0001,32,0.0001,SmoothL1Loss,wns,none,cuda,True,32,2,4,0.1
38,0.015591635405721645,0.05544696059373636,0.07350271110372265,110.06972330335587,0.9688165187835693,0.2645826237775119,0.21972567969489665,0.32989265478785607,1112.7916900468251,0.2965335249900818,300,0.0001,32,0.0001,SmoothL1Loss,wns,none,cuda,True,32,2,4,0.1
39,0.015737626178648382,0.05577942659516656,0.07384581409124119,132.6924686810327,0.9685247540473938,0.30101530368639423,0.23880594025646884,0.36022776379858407,1238.8142811116718,0.16121149063110352,300,0.0001,32,0.0001,SmoothL1Loss,wns,none,cuda,True,32,2,4,0.1
40,0.01494356831683526,0.05420293199223659,0.0719603826383297,104.18296111576142,0.9701114892959595,0.3040795488512173,0.23935830643370984,0.36885691864099457,1249.751125725489,0.12054437398910522,300,0.0001,32,0.0001,SmoothL1Loss,wns,none,cuda,True,32,2,4,0.1
41,0.014477202761179161,0.05326992665077486,0.07082698229850028,144.64788457325525,0.9710455536842346,0.28857857056538616,0.2281766835422743,0.3580920699835822,1189.2124083647652,0.17112791538238525,300,0.0001,32,0.0001,SmoothL1Loss,wns,none,cuda,True,32,2,4,0.1
42,0.014380611786027514,0.053429079655971795,0.07059028822459683,115.6611278511229,0.9712387919425964,0.27736939061506993,0.22876563165632505,0.3400609339093042,1176.2966566199348,0.2524992823600769,300,0.0001,32,0.0001,SmoothL1Loss,wns,none,cuda,True,32,2,4,0.1
43,0.013951731757963047,0.05266042052221204,0.06952969617088778,117.14467098599388,0.9720965623855591,0.28744559161483296,0.23372857769330344,0.34805686547432246,1198.9554400746786,0.2169337272644043,300,0.0001,32,0.0001,SmoothL1Loss,wns,none,cuda,True,32,2,4,0.1
44,0.014132263399438844,0.05230196612694907,0.06997817718905526,97.84749747079516,0.971735417842865,0.2744761713880247,0.22640208802407696,0.3377854515288816,1167.638179423317,0.26246947050094604,300,0.0001,32,0.0001,SmoothL1Loss,wns,none,cuda,True,32,2,4,0.1
45,0.013747438784718277,0.052077074638671346,0.06901876245850773,107.73973109987047,0.9725050926208496,0.26378198749282294,0.22004915331859912,0.3284437869073766,1119.9341216011653,0.30269908905029297,300,0.0001,32,0.0001,SmoothL1Loss,wns,none,cuda,True,32,2,4,0.1
46,0.013619221817140304,0.051154490708122176,0.06869829451147766,110.20479615529378,0.9727598428726196,0.2625517735908192,0.21993265886391913,0.3277637460390818,1121.5993136754112,0.305583655834198,300,0.0001,32,0.0001,SmoothL1Loss,wns,none,cuda,True,32,2,4,0.1
47,0.013707219460417353,0.0515571954320111,0.06891772880701744,102.37877463915991,0.9725855588912964,0.26921489818893846,0.22436936317928255,0.33242291207746966,1141.126033953258,0.28570109605789185,300,0.0001,32,0.0001,SmoothL1Loss,wns,none,cuda,True,32,2,4,0.1
48,0.01311806552962119,0.050432032654209744,0.06742995211360332,107.32958021996514,0.9737564325332642,0.24852087272937218,0.21554890280914685,0.3159077364652465,1081.2519713205004,0.3549124598503113,300,0.0001,32,0.0001,SmoothL1Loss,wns,none,cuda,True,32,2,4,0.1
49,0.013243015099775105,0.05052084591062296,0.06774070467889792,85.28704055907234,0.9735139608383179,0.23518603057452728,0.20973309519745054,0.3030775290383117,1044.9686627160936,0.4062473177909851,300,0.0001,32,0.0001,SmoothL1Loss,wns,none,cuda,True,32,2,4,0.1
50,0.01309243321514851,0.05019633568054627,0.06735447514994768,101.59841635870555,0.9738151431083679,0.20653547638554184,0.19603552672243307,0.2771347484976803,931.2801917810289,0.503544807434082,300,0.0001,32,0.0001,SmoothL1Loss,wns,none,cuda,True,32,2,4,0.1
51,0.013167775910539877,0.05097498939860435,0.06754799818404937,132.69090354253376,0.9736644625663757,0.21604805162346494,0.1964165610335176,0.28742774554684497,945.7803885842127,0.46598249673843384,300,0.0001,32,0.0001,SmoothL1Loss,wns,none,cuda,True,32,2,4,0.1
52,0.012850243699855156,0.04968836068338345,0.06672993061108104,106.32923611383589,0.9742984771728516,0.235214264326108,0.20882348089464128,0.30250204947890047,1035.0748020051017,0.4085000157356262,300,0.0001,32,0.0001,SmoothL1Loss,wns,none,cuda,True,32,2,4,0.1
53,0.012230950328225772,0.048773577333324485,0.06510080714845899,99.15556196939377,0.9755380749702454,0.24021220526709738,0.20813178546017125,0.3095001053838881,1024.1459479180594,0.3808159828186035,300,0.0001,32,0.0001,SmoothL1Loss,wns,none,cuda,True,32,2,4,0.1
54,0.012371732797917156,0.0491891179588579,0.06547440177884145,88.79931896830362,0.9752565622329712,0.21917003922955325,0.19460202318926653,0.29183779529706344,943.6836972804297,0.44946974515914917,300,0.0001,32,0.0001,SmoothL1Loss,wns,none,cuda,True,32,2,4,0.1
55,0.013164749370873093,0.050403479531052564,0.06754025747580385,99.1187279792059,0.973670482635498,0.23441911520185096,0.2063952466798207,0.30498374890161334,1021.4427766686395,0.39875495433807373,300,0.0001,32,0.0001,SmoothL1Loss,wns,none,cuda,True,32,2,4,0.1
56,0.011873468187534146,0.04805087534681199,0.0641423797349287,100.82973269053868,0.976253092288971,0.22236868160631737,0.19732170602277158,0.2979500796689232,954.7884459419856,0.4261675477027893,300,0.0001,32,0.0001,SmoothL1Loss,wns,none,cuda,True,32,2,4,0.1
57,0.012214940850667301,0.04885856105044248,0.06505818717414157,84.51526727373638,0.9755701422691345,0.20186846838184883,0.19179168115887377,0.2765871645713947,910.0683497701373,0.5055047273635864,300,0.0001,32,0.0001,SmoothL1Loss,wns,none,cuda,True,32,2,4,0.1
58,0.012200136420442648,0.04894993585785703,0.0650204995126258,98.93109906287421,0.9755983948707581,0.2067150267687375,0.19601629748349153,0.2774584398363341,930.5684437411172,0.5023844242095947,300,0.0001,32,0.0001,SmoothL1Loss,wns,none,cuda,True,32,2,4,0.1
59,0.012347666110606894,0.048880616306430764,0.06541068672590303,93.9921104832301,0.9753046631813049,0.18982845859136432,0.1832100594682353,0.2656903989750959,876.9311983850267,0.5437006950378418,300,0.0001,32,0.0001,SmoothL1Loss,wns,none,cuda,True,32,2,4,0.1
60,0.011900441676733039,0.0479725331496743,0.0642151960513572,89.00260333787827,0.9761990904808044,0.19032069333803114,0.1852492235364422,0.2666831975060006,880.4470517370436,0.5402842164039612,300,0.0001,32,0.0001,SmoothL1Loss,wns,none,cuda,True,32,2,4,0.1
61,0.011793264915930137,0.04776665634135642,0.06392537684468665,83.30871760655963,0.9764134883880615,0.21124099644588396,0.19433618532050223,0.28518462653120796,924.5906571509346,0.4742850661277771,300,0.0001,32,0.0001,SmoothL1Loss,wns,none,cuda,True,32,2,4,0.1
62,0.011475183056770928,0.04692095737638218,0.06305740329459864,93.95194624340724,0.9770496487617493,0.20861479767902186,0.1956694445365833,0.28315618684476646,926.3195450797914,0.481736958026886,300,0.0001,32,0.0001,SmoothL1Loss,wns,none,cuda,True,32,2,4,0.1
63,0.011169152979236392,0.04643527733250743,0.06221088654638037,87.64138800000387,0.977661669254303,0.1798516188314857,0.17754652306792282,0.2585325984694597,810.8231206243,0.5679552555084229,300,0.0001,32,0.0001,SmoothL1Loss,wns,none,cuda,True,32,2,4,0.1
64,0.011754338806014626,0.047483183975730626,0.06381979008576569,87.49576274553935,0.9764913320541382,0.17130192449835632,0.1779602004865569,0.24887969506037394,812.9675577557276,0.5996156930923462,300,0.0001,32,0.0001,SmoothL1Loss,wns,none,cuda,True,32,2,4,0.1
65,0.011861413340305998,0.047690362019080015,0.06410981044173301,85.06625127413916,0.9762771725654602,0.18702702423592749,0.1831867979129865,0.2646578655947262,860.1971630974422,0.5472403764724731,300,0.0001,32,0.0001,SmoothL1Loss,wns,none,cuda,True,32,2,4,0.1
66,0.011196066181929339,0.04660564580459207,0.06228589222491504,99.76117561733912,0.977607786655426,0.17089360575829188,0.17527289057357442,0.24904391779534352,831.6238703765566,0.599087119102478,300,0.0001,32,0.0001,SmoothL1Loss,wns,none,cuda,True,32,2,4,0.1
67,0.011483865564629908,0.04693244065025023,0.06308376221188813,85.06815675326756,0.9770304560661316,0.17991625757459256,0.1769775895490533,0.25904360806078397,806.3444343975613,0.5662456154823303,300,0.0001,32,0.0001,SmoothL1Loss,wns,none,cuda,True,32,2,4,0.1
68,0.011453419828617443,0.04700006159495503,0.06299889314378726,94.40750098985339,0.9770922064781189,0.17759613959337694,0.1773665343366918,0.25497661563473883,846.360501857031,0.5797585248947144,300,0.0001,32,0.0001,SmoothL1Loss,wns,none,cuda,True,32,2,4,0.1
69,0.010959264284576335,0.04614548733280528,0.06162358620379615,82.15612422095404,0.978081464767456,0.19365974492670612,0.1827633569371842,0.27027813640724146,883.7490340603722,0.5278065204620361,300,0.0001,32,0.0001,SmoothL1Loss,wns,none,cuda,True,32,2,4,0.1
70,0.011445093840833694,0.04675493087796938,0.06298854029989455,77.93423154619005,0.9770997166633606,0.16150557572883184,0.16938809602565708,0.24162198316438313,781.1365232316274,0.6226269006729126,300,0.0001,32,0.0001,SmoothL1Loss,wns,none,cuda,True,32,2,4,0.1
71,0.010854543596949606,0.04574885995437702,0.061328459187584644,86.1329006505391,0.9782909154891968,0.1328243909226749,0.16271909161485612,0.21468274231976667,736.3977398001958,0.702085018157959,300,0.0001,32,0.0001,SmoothL1Loss,wns,none,cuda,True,32,2,4,0.1
72,0.011157678658260948,0.046084712444257644,0.06217892309735525,85.09837290218898,0.9776846170425415,0.07655070184005631,0.1315576382543123,0.16287588345552056,549.5733631754679,0.8285207152366638,300,0.0001,32,0.0001,SmoothL1Loss,wns,none,cuda,True,32,2,4,0.1
73,0.010471590091511312,0.044815775058749646,0.060237191776012694,75.86646808139862,0.9790565967559814,0.06663310571873028,0.11951379881550868,0.15196121169829466,482.6478286849128,0.8507330417633057,300,0.0001,32,0.0001,SmoothL1Loss,wns,none,cuda,True,32,2,4,0.1
74,0.01099644505071439,0.04593642984354307,0.06173047125124423,88.28116843813942,0.9780053496360779,0.06131557618925673,0.11897106359284075,0.14576111683777393,465.0807447130718,0.8626649379730225,300,0.0001,32,0.0001,SmoothL1Loss,wns,none,cuda,True,32,2,4,0.1
75,0.010631748285728491,0.04526765454590084,0.06069675595684073,91.31738674072992,0.9787358045578003,0.08565046947305313,0.13745725320445168,0.1722746473003492,602.125063230121,0.8081592321395874,300,0.0001,32,0.0001,SmoothL1Loss,wns,none,cuda,True,32,2,4,0.1
76,0.010870570224517631,0.04583280726468989,0.061373718214802336,86.22118791322859,0.9782588481903076,0.09359697830615683,0.1416512972690047,0.1800893129215975,623.546596746596,0.7903600931167603,300,0.0001,32,0.0001,SmoothL1Loss,wns,none,cuda,True,32,2,4,0.1
77,0.010568500427152253,0.045315535472972054,0.06051498826143367,88.5484691763681,0.978863000869751,0.09718291931379114,0.14351283841662937,0.18350641402399395,640.5752458648076,0.7823289632797241,300,0.0001,32,0.0001,SmoothL1Loss,wns,none,cuda,True,32,2,4,0.1
78,0.010561474421549411,0.04507086624849647,0.0604948702515204,73.87618317679754,0.978877067565918,0.08827542169167409,0.13903418957950578,0.1748960895621126,595.4323700874571,0.8022764921188354,300,0.0001,32,0.0001,SmoothL1Loss,wns,none,cuda,True,32,2,4,0.1
79,0.010605142967376326,0.044921271606451936,0.06062546873830284,95.07693266111707,0.9787857532501221,0.06109242734041006,0.11762370958569504,0.14549563707925736,471.06410425049916,0.8631647229194641,300,0.0001,32,0.0001,SmoothL1Loss,wns,none,cuda,True,32,2,4,0.1
80,0.010510904601745544,0.044956504064242515,0.06034986776597335,75.31501144833035,0.9789782166481018,0.07876315268610294,0.13187384541841254,0.16521236970740563,571.9191834396786,0.8235656023025513,300,0.0001,32,0.0001,SmoothL1Loss,wns,none,cuda,True,32,2,4,0.1
81,0.010763963101439119,0.0452539826418081,0.0610737368939602,77.83745778931512,0.9784708619117737,0.06303747900898406,0.11952358484268188,0.14779362358026257,494.8522705104616,0.858808159828186,300,0.0001,32,0.0001,SmoothL1Loss,wns,none,cuda,True,32,2,4,0.1
82,0.01075588877955895,0.04517208959256846,0.0610491221213525,90.49989209099421,0.9784882068634033,0.09378099156911338,0.13829246105714924,0.18026607512346207,614.6205470599825,0.7899483442306519,300,0.0001,32,0.0001,SmoothL1Loss,wns,none,cuda,True,32,2,4,0.1
83,0.010353789820025364,0.044631901485401956,0.059897120199845125,82.09835517974128,0.9792923927307129,0.09571991066193386,0.1418907493057232,0.18211990861129354,636.3729788689386,0.7856058478355408,300,0.0001,32,0.0001,SmoothL1Loss,wns,none,cuda,True,32,2,4,0.1
84,0.010723517141452739,0.045173146599341955,0.06095718359569389,78.36120964231945,0.9785529375076294,0.05480344110031775,0.10548733862205631,0.1378050131486053,380.6377087093535,0.8772481083869934,300,0.0001,32,0.0001,SmoothL1Loss,wns,none,cuda,True,32,2,4,0.1
85,0.0103855697597037,0.04490781120128102,0.0599889737927167,79.87640613979764,0.9792288541793823,0.06049416537788357,0.11742370587492747,0.14478148704391577,472.9601498785473,0.8645046949386597,300,0.0001,32,0.0001,SmoothL1Loss,wns,none,cuda,True,32,2,4,0.1
86,0.010067535304678752,0.04412901748917879,0.05906331994235758,81.87665592678009,0.9798649549484253,0.06566587138605962,0.11849282035929343,0.15084434061664895,484.0773801803589,0.8529191613197327,300,0.0001,32,0.0001,SmoothL1Loss,wns,none,cuda,True,32,2,4,0.1
87,0.010002010089847895,0.04421450069824618,0.05887079651200875,72.11852272351582,0.9799959659576416,0.06314429984472338,0.12002809981386812,0.1479187937068633,507.11284648425993,0.8585689067840576,300,0.0001,32,0.0001,SmoothL1Loss,wns,none,cuda,True,32,2,4,0.1
88,0.010115670691621267,0.04435335574967284,0.05920553227526692,80.54236667496818,0.9797678589820862,0.07089342473126534,0.12880693470674848,0.1567325679378858,555.7706364147247,0.8412123918533325,300,0.0001,32,0.0001,SmoothL1Loss,wns,none,cuda,True,32,2,4,0.1
89,0.010134822968023992,0.044163619744635764,0.05926036941091228,78.55481924707928,0.9797303676605225,0.08353051457725953,0.1355135418208582,0.1701293393316536,596.9800845252144,0.8129074573516846,300,0.0001,32,0.0001,SmoothL1Loss,wns,none,cuda,True,32,2,4,0.1
90,0.010637665053807376,0.04481131234575832,0.060721393603395436,92.85592343693688,0.9787185788154602,0.11494897339596516,0.15246196678056131,0.19961884181076578,701.2175242333185,0.7424265146255493,300,0.0001,32,0.0001,SmoothL1Loss,wns,none,cuda,True,32,2,4,0.1
91,0.010523232168495832,0.0445271237265496,0.0603852580902746,80.95209000224159,0.9789535403251648,0.09061887881179,0.13713347045556892,0.17720077533992123,611.8790061663068,0.7970311641693115,300,0.0001,32,0.0001,SmoothL1Loss,wns,none,cuda,True,32,2,4,0.1
92,0.010137967400378473,0.04406946275885853,0.0592695615776701,81.37533925450037,0.9797240495681763,0.11305295119971215,0.15399029264078726,0.19792670288532108,711.5462669947791,0.7467747926712036,300,0.0001,32,0.0001,SmoothL1Loss,wns,none,cuda,True,32,2,4,0.1
93,0.009928410732379508,0.04381905654297462,0.05865379807813949,73.98316972596305,0.9801431894302368,0.11407371754998281,0.15337371140984551,0.19883310054050637,707.2718869088188,0.7444502711296082,300,0.0001,32,0.0001,SmoothL1Loss,wns,none,cuda,True,32,2,4,0.1
94,0.009578289759774056,0.043047508720072014,0.057610315720019414,86.89841489943247,0.9808434247970581,0.12409969145572552,0.15561191376949113,0.2082566551740331,694.0346749283019,0.7196530103683472,300,0.0001,32,0.0001,SmoothL1Loss,wns,none,cuda,True,32,2,4,0.1
95,0.009716897175484707,0.04337093746289611,0.05802565818729626,85.58966168903169,0.9805662035942078,0.1339737255942069,0.16037291969867454,0.21632689552126386,744.8312144809299,0.6975043416023254,300,0.0001,32,0.0001,SmoothL1Loss,wns,none,cuda,True,32,2,4,0.1
96,0.010369568690842402,0.04453692702753913,0.05994274318471106,88.81568052276732,0.9792608618736267,0.1041883430351311,0.14501753523354494,0.19010447545453274,629.9845789027593,0.7663946151733398,300,0.0001,32,0.0001,SmoothL1Loss,wns,none,cuda,True,32,2,4,0.1
97,0.010102319884084401,0.04407146652894361,0.0591652662191523,63.067729934813485,0.9797953367233276,0.08559716660492418,0.13873128176090263,0.17222100097048104,613.5408873330979,0.8082786798477173,300,0.0001,32,0.0001,SmoothL1Loss,wns,none,cuda,True,32,2,4,0.1
98,0.009667664939086766,0.043512994785689645,0.05787847240884898,83.39624462430439,0.9806646704673767,0.12971407911437194,0.1537997703260136,0.2134325105701989,697.7265049162365,0.7055448293685913,300,0.0001,32,0.0001,SmoothL1Loss,wns,none,cuda,True,32,2,4,0.1
99,0.009693315526145318,0.04309886535038314,0.05795520475359968,84.81599028148348,0.9806133508682251,0.1063202228826759,0.15078854899380414,0.19194124584099329,699.1186435979511,0.7618587017059326,300,0.0001,32,0.0001,SmoothL1Loss,wns,none,cuda,True,32,2,4,0.1
100,0.010120855143574614,0.04383909099897931,0.05922107912237011,73.02245990813725,0.9797572493553162,0.08173111445521788,0.13209346337391745,0.16828677479566284,581.0512424650647,0.816938042640686,300,0.0001,32,0.0001,SmoothL1Loss,wns,none,cuda,True,32,2,4,0.1
101,0.009792476933124282,0.04354026729595803,0.05825088794621697,78.20530958402725,0.9804150462150574,0.10162864989852385,0.14663717195036866,0.18765757084751236,675.3825541223798,0.7723696231842041,300,0.0001,32,0.0001,SmoothL1Loss,wns,none,cuda,True,32,2,4,0.1
102,0.010420048504047805,0.04462326363113428,0.060088468864147766,79.79960745478434,0.9791598916053772,0.07159979769309598,0.1277365903443997,0.1575114648157026,542.3952893056567,0.8396302461624146,300,0.0001,32,0.0001,SmoothL1Loss,wns,none,cuda,True,32,2,4,0.1
103,0.00994858934381415,0.04352636162250761,0.05871337173682197,78.94223782751295,0.9801028370857239,0.08354282965292296,0.1348791081044409,0.17014173705474595,592.3586401788015,0.8128801584243774,300,0.0001,32,0.0001,SmoothL1Loss,wns,none,cuda,True,32,2,4,0.1
104,0.009711402023972441,0.04312243959349063,0.058009248518349314,88.62773392692445,0.9805771708488464,0.07843073667396629,0.13313253475205292,0.16485397568309346,584.3572117109147,0.8243302702903748,300,0.0001,32,0.0001,SmoothL1Loss,wns,none,cuda,True,32,2,4,0.1
105,0.00919248091633476,0.042260542578463046,0.05643813272765942,80.82324520368425,0.9816150665283203,0.07680614275251707,0.1329395631623883,0.16313766932120058,582.0325271818373,0.8279690742492676,300,0.0001,32,0.0001,SmoothL1Loss,wns,none,cuda,True,32,2,4,0.1
106,0.009849999308778298,0.043151588718746865,0.05842172420414453,75.75540498324803,0.9803000092506409,0.09225038775715917,0.13876333501603869,0.17878959203114786,615.9657306368389,0.7933751344680786,300,0.0001,32,0.0001,SmoothL1Loss,wns,none,cuda,True,32,2,4,0.1
107,0.009362719744251716,0.04257243049759713,0.05695833456875053,78.55983652387347,0.9812745451927185,0.07763286991532714,0.13104067803434435,0.16401331139726724,584.6223617829974,0.8261173367500305,300,0.0001,32,0.0001,SmoothL1Loss,wns,none,cuda,True,32,2,4,0.1
108,0.009268627696973642,0.04234386250997583,0.05667140579427884,81.1947377636319,0.9814627170562744,0.10129707084418023,0.14776478690050898,0.18735102740634094,675.5791712715512,0.7731126546859741,300,0.0001,32,0.0001,SmoothL1Loss,wns,none,cuda,True,32,2,4,0.1
109,0.009198776362205131,0.04221812505570669,0.056457454863699866,72.39809045337495,0.9816024303436279,0.10018480404664482,0.143292784823903,0.18633203422284422,645.7097508888396,0.7755740284919739,300,0.0001,32,0.0001,SmoothL1Loss,wns,none,cuda,True,32,2,4,0.1
110,0.009527345115895428,0.04296299627435113,0.05745690319475095,76.51650712982057,0.9809452891349792,0.12101154648033637,0.15795126601698853,0.20499225290723336,723.7025747639792,0.7283729314804077,300,0.0001,32,0.0001,SmoothL1Loss,wns,none,cuda,True,32,2,4,0.1
111,0.00952711032928958,0.04262363355577228,0.05745619552436433,77.52455389310443,0.9809457659721375,0.12908892105481337,0.15593689950626521,0.21294320098069683,731.8012612925636,0.7068933248519897,300,0.0001,32,0.0001,SmoothL1Loss,wns,none,cuda,True,32,2,4,0.1
112,0.009424273750656062,0.0424705379095579,0.05714525961083306,80.9696717413645,0.9811514616012573,0.09277392980746096,0.13896189473332868,0.17929642197935286,623.7239889947194,0.7922019958496094,300,0.0001,32,0.0001,SmoothL1Loss,wns,none,cuda,True,32,2,4,0.1
113,0.009460020941563898,0.04265417924357785,0.057253536565482877,91.86748022124881,0.9810799360275269,0.10014989212088819,0.14316066771390892,0.18629021226404002,641.8799141853575,0.7756747007369995,300,0.0001,32,0.0001,SmoothL1Loss,wns,none,cuda,True,32,2,4,0.1
114,0.009268529277058348,0.04245062288458622,0.05667110499144792,74.45083751754156,0.9814629554748535,0.08597499067296407,0.13482382305202975,0.17260067560260545,607.0232369918672,0.8074324727058411,300,0.0001,32,0.0001,SmoothL1Loss,wns,none,cuda,True,32,2,4,0.1
115,0.009846968922786237,0.0433520521702511,0.05842409308905246,82.11664482903859,0.9802983999252319,0.09315907630130708,0.13829476378917221,0.17967059116337317,635.0727218730109,0.791333794593811,300,0.0001,32,0.0001,SmoothL1Loss,wns,none,cuda,True,32,2,4,0.1
116,0.009799094319099649,0.04297367544726483,0.05827056629633537,87.3259209905352,0.9804018139839172,0.07778803241764387,0.1316248755310736,0.16417713423718153,582.5561779472563,0.8257697820663452,300,0.0001,32,0.0001,SmoothL1Loss,wns,none,cuda,True,32,2,4,0.1
117,0.009280547506124195,0.042215783873365983,0.05670783546897959,73.85633417159792,0.9814388751983643,0.09998440336147767,0.1402293314477281,0.18621319546204057,603.0784591417464,0.7758601903915405,300,0.0001,32,0.0001,SmoothL1Loss,wns,none,cuda,True,32,2,4,0.1
118,0.00921060851985766,0.04202785422759397,0.056494267181960885,75.6705441020784,0.9815784692764282,0.10225026207303421,0.14382375518067014,0.1882681644089239,667.088671073081,0.7708858251571655,300,0.0001,32,0.0001,SmoothL1Loss,wns,none,cuda,True,32,2,4,0.1
119,0.009171062766293448,0.04196154163588607,0.05637234516489538,72.36158521970113,0.981657862663269,0.10066116727437706,0.14270877409430724,0.18678455772522515,656.1557169868832,0.7744826078414917,300,0.0001,32,0.0001,SmoothL1Loss,wns,none,cuda,True,32,2,4,0.1
120,0.009815299248744157,0.04310541772209699,0.05831872763169351,85.17429019534399,0.9803693890571594,0.09126867607812442,0.1366857285833075,0.17784050335039148,589.482572627446,0.7955629825592041,300,0.0001,32,0.0001,SmoothL1Loss,wns,none,cuda,True,32,2,4,0.1
121,0.009197258104067591,0.04199351090198708,0.056457107648866064,80.56295115985567,0.981602668762207,0.11318082622961984,0.14888965146290878,0.19836099851504974,690.1605727350901,0.7456623315811157,300,0.0001,32,0.0001,SmoothL1Loss,wns,none,cuda,True,32,2,4,0.1
122,0.009408688097859599,0.04207979957942688,0.057098022827328364,69.35060261166285,0.9811825752258301,0.11835821144863047,0.15013832613707534,0.20346949806251363,694.4602893193563,0.7323935031890869,300,0.0001,32,0.0001,SmoothL1Loss,wns,none,cuda,True,32,2,4,0.1
123,0.008888489500220333,0.04138342109287069,0.055497095003183304,85.67034777005513,0.9822230339050293,0.06530293336762706,0.12200182964581818,0.15042590009624912,507.89235461515096,0.853734016418457,300,0.0001,32,0.0001,SmoothL1Loss,wns,none,cuda,True,32,2,4,0.1
124,0.0089885439845689,0.04177179394496812,0.05580857580874298,80.9007360216171,0.9820228815078735,0.05023153467262755,0.1107888976259837,0.1319302846351993,419.97697581185236,0.8874910473823547,300,0.0001,32,0.0001,SmoothL1Loss,wns,none,cuda,True,32,2,4,0.1
125,0.009042512832416428,0.041359783128081334,0.05598030447495034,63.572959373867704,0.9819121360778809,0.11961202478934345,0.15149966810667326,0.20421923459213412,712.4385122117542,0.7304176688194275,300,0.0001,32,0.0001,SmoothL1Loss,wns,none,cuda,True,32,2,4,0.1
126,0.008898740231488195,0.041481313731757896,0.055529086276387606,72.6274637759678,0.9822025299072266,0.11249198896869544,0.14562101035364092,0.19854572143683077,624.4942041465214,0.7451884746551514,300,0.0001,32,0.0001,SmoothL1Loss,wns,none,cuda,True,32,2,4,0.1
127,0.009182668330761352,0.04184425875012364,0.05640814104402103,72.66771154555063,0.9816345572471619,0.0855076415667547,0.13411761418221488,0.1721312377442929,586.6804030925508,0.8084785342216492,300,0.0001,32,0.0001,SmoothL1Loss,wns,none,cuda,True,32,2,4,0.1
128,0.008851509858181493,0.04118877205820311,0.055381529840239176,71.53242689844161,0.9822970032691956,0.08535646230521952,0.1344003520965103,0.17197868890627477,584.9522771646106,0.8088178634643555,300,0.0001,32,0.0001,SmoothL1Loss,wns,none,cuda,True,32,2,4,0.1
129,0.008699650196210733,0.041108462205600174,0.054904401608085726,66.68249394023229,0.9826006889343262,0.04054341867976334,0.09818903427748453,0.11852677481257529,322.66880948392173,0.9091905355453491,300,0.0001,32,0.0001,SmoothL1Loss,wns,none,cuda,True,32,2,4,0.1
130,0.00901216187510669,0.04154067369000543,0.0558818479812254,77.61216623064071,0.9819756746292114,0.05812191910254547,0.11882147732530794,0.14191432708229432,472.39159538443124,0.8698180913925171,300,0.0001,32,0.0001,SmoothL1Loss,wns,none,cuda,True,32,2,4,0.1
131,0.009085023085520203,0.041510162061996876,0.05610728876206205,75.32164564586822,0.9818299412727356,0.054755802257060414,0.11547456734946795,0.13774357100505322,443.66238488848245,0.877357542514801,300,0.0001,32,0.0001,SmoothL1Loss,wns,none,cuda,True,32,2,4,0.1
132,0.008330296307417846,0.039995466817229514,0.05372624597962345,78.51041140253582,0.9833394289016724,0.05399186803870613,0.11389917419070289,0.13677932425431197,437.5404960238744,0.8790686130523682,300,0.0001,32,0.0001,SmoothL1Loss,wns,none,cuda,True,32,2,4,0.1
133,0.00896158744026685,0.04142177292692756,0.0557248288567343,78.64979182727753,0.9820768237113953,0.05253354525738691,0.11569325575634601,0.13491946957512682,436.2062012770819,0.8823350071907043,300,0.0001,32,0.0001,SmoothL1Loss,wns,none,cuda,True,32,2,4,0.1
134,0.008705465794755294,0.04089701844615832,0.05492282625014938,71.4654878813123,0.9825890064239502,0.06530287216273359,0.12521937736383978,0.1504258300043246,519.0567081050267,0.8537341356277466,300,0.0001,32,0.0001,SmoothL1Loss,wns,none,cuda,True,32,2,4,0.1
135,0.008610154680412499,0.04067698306596232,0.054621263998448674,80.20456994147528,0.9827796816825867,0.08502978625354386,0.1339028663933277,0.17164921328364946,565.3918464410873,0.8095496892929077,300,0.0001,32,0.0001,SmoothL1Loss,wns,none,cuda,True,32,2,4,0.1
136,0.008834984839066036,0.041041425281455594,0.055329809020136594,68.21051611597576,0.9823300242424011,0.10561896905964537,0.14813001394744904,0.1914753764844097,672.8107588272246,0.7630133032798767,300,0.0001,32,0.0001,SmoothL1Loss,wns,none,cuda,True,32,2,4,0.1
137,0.009134085072825352,0.041566051661022126,0.05626167571193129,73.7553182102385,0.9817298054695129,0.08167029919365185,0.13335908998158716,0.16822415011498726,567.40372544054,0.8170742988586426,300,0.0001,32,0.0001,SmoothL1Loss,wns,none,cuda,True,32,2,4,0.1
138,0.008406088955419522,0.04001623145969851,0.05397010447057967,75.87786537503439,0.9831877946853638,0.06098088924149384,0.12092665551851194,0.1453627550118601,474.7290297519593,0.8634145259857178,300,0.0001,32,0.0001,SmoothL1Loss,wns,none,cuda,True,32,2,4,0.1
139,0.008765431892474198,0.04073368674439807,0.05511158858889804,74.55369522836473,0.9824691414833069,0.07337421765883587,0.12818546111266765,0.15945128452000398,547.454963298071,0.835655927658081,300,0.0001,32,0.0001,SmoothL1Loss,wns,none,cuda,True,32,2,4,0.1
140,0.008685213859222593,0.041045275649854114,0.0548588281257777,66.14045222221858,0.9826295971870422,0.08281812876821422,0.13447525534069255,0.1694021764196098,575.4989451510565,0.8145033121109009,300,0.0001,32,0.0001,SmoothL1Loss,wns,none,cuda,True,32,2,4,0.1
141,0.008736593176662508,0.0409521186162555,0.05502085324254545,73.2875766678462,0.9825268387794495,0.074534258675865,0.12663984842716702,0.16070679695024032,510.50026472409564,0.8330576419830322,300,0.0001,32,0.0001,SmoothL1Loss,wns,none,cuda,True,32,2,4,0.1
142,0.008661711255886726,0.04075848986764276,0.05478455189580992,69.2785064000932,0.9826765656471252,0.07650180531842153,0.12873198424599,0.1628141376704053,524.9365868946862,0.828650712966919,300,0.0001,32,0.0001,SmoothL1Loss,wns,none,cuda,True,32,2,4,0.1
143,0.008796965652551975,0.04103740077051851,0.05521063119882262,74.20325552092658,0.9824060797691345,0.08943260169406939,0.13845809353958993,0.17604398072699332,595.4791441796318,0.799672544002533,300,0.0001,32,0.0001,SmoothL1Loss,wns,none,cuda,True,32,2,4,0.1
144,0.008675957965250645,0.04039917113111606,0.054829588435504464,79.97578892632136,0.9826480746269226,0.1012782859181734,0.14089716746220513,0.18791451722355768,583.9553843055453,0.7717458009719849,300,0.0001,32,0.0001,SmoothL1Loss,wns,none,cuda,True,32,2,4,0.1
145,0.008901647452841558,0.04110355104600626,0.055538156960638435,82.88794357814486,0.9821966886520386,0.12884109952008455,0.15103611629456282,0.213987722689676,679.5880987606351,0.7040108442306519,300,0.0001,32,0.0001,SmoothL1Loss,wns,none,cuda,True,32,2,4,0.1
146,0.008717240279703031,0.04069981452757641,0.05495987983286604,68.16878659384591,0.9825655221939087,0.08544064074198508,0.13323993603920653,0.17206802757922102,544.8960311204668,0.8086191415786743,300,0.0001,32,0.0001,SmoothL1Loss,wns,none,cuda,True,32,2,4,0.1
147,0.008677359204739332,0.040508985452886136,0.054834016193136256,74.01534523661175,0.9826452732086182,0.119487389654202,0.15016085653018857,0.20460008879357566,693.288014669267,0.729411244392395,300,0.0001,32,0.0001,SmoothL1Loss,wns,none,cuda,True,32,2,4,0.1
148,0.008483644172046629,0.040240894020017653,0.054218498927629914,73.65259590603057,0.9830327033996582,0.03688470202605314,0.0914719956853087,0.11305230312972372,255.92812789054145,0.9173853993415833,300,0.0001,32,0.0001,SmoothL1Loss,wns,none,cuda,True,32,2,4,0.1
149,0.008832891370051556,0.04104644149571421,0.055323253927179364,74.37680538495381,0.9823341965675354,0.03305818949708723,0.08863360715645646,0.10702760498775357,213.99843754087175,0.9259560108184814,300,0.0001,32,0.0001,SmoothL1Loss,wns,none,cuda,True,32,2,4,0.1
150,0.0084753307589655,0.04020794690217054,0.05419192703194479,74.0873466257065,0.9830493330955505,0.03867216050321798,0.09573220041772676,0.11575919406780465,312.38897950687107,0.913381814956665,300,0.0001,32,0.0001,SmoothL1Loss,wns,none,cuda,True,32,2,4,0.1
151,0.008714269282155863,0.04041522360658125,0.054950513684363704,63.90099189016554,0.9825714826583862,0.058775794602254225,0.11900733393572625,0.1427103665798,456.46949404383463,0.868353545665741,300,0.0001,32,0.0001,SmoothL1Loss,wns,none,cuda,True,32,2,4,0.1
152,0.008454844540369415,0.03997786522709897,0.05412639214644174,74.54753427278428,0.9830902814865112,0.05943878876721664,0.1177984465297962,0.1435130010317749,452.1781682476165,0.8668685555458069,300,0.0001,32,0.0001,SmoothL1Loss,wns,none,cuda,True,32,2,4,0.1
153,0.008508756116498262,0.040033099248946186,0.054298683826905884,67.6326105064816,0.9829825162887573,0.039552580864567845,0.1020772931210342,0.11706947984815949,336.18596891751366,0.911409854888916,300,0.0001,32,0.0001,SmoothL1Loss,wns,none,cuda,True,32,2,4,0.1
154,0.008512694214928954,0.04014075577022538,0.054311248480661545,70.14151945568267,0.9829745888710022,0.055184691096656024,0.11568738129876908,0.13828197641687454,449.03967937969026,0.8763969540596008,300,0.0001,32,0.0001,SmoothL1Loss,wns,none,cuda,True,32,2,4,0.1
155,0.00860647012161771,0.04069616322568248,0.054609575432781374,69.49659471663217,0.9827870726585388,0.051832819300230655,0.11121038204088571,0.13401662777039272,434.1278637647629,0.8839044570922852,300,0.0001,32,0.0001,SmoothL1Loss,wns,none,cuda,True,32,2,4,0.1
156,0.008640575180170201,0.04069245909710252,0.05471766977602955,78.92935542454795,0.982718825340271,0.0388247878503217,0.09981951621612387,0.11598740130607027,327.42241654509587,0.9130399823188782,300,0.0001,32,0.0001,SmoothL1Loss,wns,none,cuda,True,32,2,4,0.1
157,0.008602370312141757,0.04043786626102196,0.05459656683686014,69.79286907589625,0.982795238494873,0.05024702445555863,0.11092244413873506,0.13195062494406498,430.79304456332375,0.8874563574790955,300,0.0001,32,0.0001,SmoothL1Loss,wns,none,cuda,True,32,2,4,0.1
158,0.008275766001408181,0.03988228358387474,0.05355011001365465,70.88989933331807,0.9834484457969666,0.057653510834955214,0.11752110960642023,0.14134132373283648,472.70154331600855,0.8708672523498535,300,0.0001,32,0.0001,SmoothL1Loss,wns,none,cuda,True,32,2,4,0.1
159,0.008563892092622285,0.04025629489490437,0.054474324982872184,59.543833861275324,0.9828721880912781,0.06855998426539055,0.1254361281171441,0.15413157959921284,541.0571774319997,0.8464388251304626,300,0.0001,32,0.0001,SmoothL1Loss,wns,none,cuda,True,32,2,4,0.1
160,0.008433043104892094,0.040014086594243374,0.05405656300717681,70.50053330830166,0.9831339120864868,0.05949270198401618,0.11983724899353489,0.14357807339584813,496.7736702324852,0.8667477965354919,300,0.0001,32,0.0001,SmoothL1Loss,wns,none,cuda,True,32,2,4,0.1
161,0.008090194327653281,0.03940132292105802,0.052946315159841995,73.80056708199638,0.9838196039199829,0.04018357780850714,0.10043140567306962,0.11799961103098185,350.0871348873017,0.909996509552002,300,0.0001,32,0.0001,SmoothL1Loss,wns,none,cuda,True,32,2,4,0.1
162,0.008890610570753259,0.040927438486722256,0.05550371605945093,76.82243400528317,0.9822188019752502,0.03580787157365454,0.08996608882905945,0.11138982561753269,237.8208801708524,0.9197973012924194,300,0.0001,32,0.0001,SmoothL1Loss,wns,none,cuda,True,32,2,4,0.1
163,0.008687032265625599,0.040546782625218235,0.05486457041152596,79.52252023939103,0.9826259613037109,0.05257194563155136,0.11244198586791754,0.1349687733117532,417.8441045624869,0.8822489976882935,300,0.0001,32,0.0001,SmoothL1Loss,wns,none,cuda,True,32,2,4,0.1
164,0.008212929282019594,0.039783121411880805,0.05334642383886103,75.27758314495995,0.9835741519927979,0.05545156782122037,0.11503197654845222,0.13861594410800346,451.5718293473834,0.8757991790771484,300,0.0001,32,0.0001,SmoothL1Loss,wns,none,cuda,True,32,2,4,0.1
165,0.008657694670430843,0.04048541705641481,0.05477184861242851,64.35182667157007,0.9826846122741699,0.05138296278430119,0.11423243316156524,0.13343379714965553,442.9394829008314,0.8849120736122131,300,0.0001,32,0.0001,SmoothL1Loss,wns,none,cuda,True,32,2,4,0.1
166,0.0082694887634485,0.039916313430737885,0.05352979694743485,69.404881693068,0.9834610223770142,0.09137367968408701,0.13604706107446599,0.17796236682175692,577.2967180808386,0.7952827215194702,300,0.0001,32,0.0001,SmoothL1Loss,wns,none,cuda,True,32,2,4,0.1
167,0.008466765570032987,0.04031727145174666,0.05416453689991836,64.69365459396725,0.9830664396286011,0.053960150056001216,0.11658222621513738,0.13673914075886345,440.8372195940169,0.8791396617889404,300,0.0001,32,0.0001,SmoothL1Loss,wns,none,cuda,True,32,2,4,0.1
168,0.008587056137104001,0.04014167675216283,0.05455030838022727,64.37002579749577,0.9828243851661682,0.045343900828378365,0.1072225213080408,0.12534750986038906,379.70118799379895,0.8984383940696716,300,0.0001,32,0.0001,SmoothL1Loss,wns,none,cuda,True,32,2,4,0.1
169,0.008555707700055329,0.0399861922561531,0.05444828906560947,66.20017198532346,0.9828885793685913,0.07145144419267863,0.12780372387478275,0.15734819992859367,512.9231229509626,0.8399625420570374,300,0.0001,32,0.0001,SmoothL1Loss,wns,none,cuda,True,32,2,4,0.1
170,0.008442933286821086,0.03974348859536269,0.05408825191888839,70.66050712646,0.9831141233444214,0.06146238164977163,0.12173058921914726,0.1459355040736274,479.342614898606,0.8623360991477966,300,0.0001,32,0.0001,SmoothL1Loss,wns,none,cuda,True,32,2,4,0.1
171,0.008465764332666166,0.04039318202477363,0.05416133401148001,71.69820736703419,0.9830684661865234,0.05463657842852944,0.11630906367171852,0.13759353328134272,450.5337778348771,0.8776246309280396,300,0.0001,32,0.0001,SmoothL1Loss,wns,none,cuda,True,32,2,4,0.1
172,0.008204983379174437,0.039797530014304416,0.05332061050385852,62.991278531059386,0.9835900068283081,0.04641482075731758,0.1094701314226739,0.1268190841158525,406.66936934183514,0.8960397243499756,300,0.0001,32,0.0001,SmoothL1Loss,wns,none,cuda,True,32,2,4,0.1
173,0.008327912594679566,0.039822615601772825,0.05371855788143889,74.51309654069325,0.9833441972732544,0.053970190938950204,0.11304080035419219,0.13675186247862822,435.7949504663074,0.8791171908378601,300,0.0001,32,0.0001,SmoothL1Loss,wns,none,cuda,True,32,2,4,0.1
174,0.008079423656916275,0.039259123165042153,0.052911060003381125,70.03814157228621,0.9838411808013916,0.05125039829161122,0.11246170143463782,0.13326156151813198,405.4586239939644,0.8852089643478394,300,0.0001,32,0.0001,SmoothL1Loss,wns,none,cuda,True,32,2,4,0.1
175,0.008201617000084961,0.03959603011903782,0.05330967190821027,63.51297226027837,0.9835967421531677,0.0879438804704622,0.13596421081040586,0.17456805370400982,596.4888827725063,0.8030174970626831,300,0.0001,32,0.0001,SmoothL1Loss,wns,none,cuda,True,32,2,4,0.1
176,0.008156749833789136,0.039685713193778484,0.05316365530927061,64.06216091958304,0.9836865067481995,0.047455646398861615,0.1101693104183863,0.1282331232374829,391.9367625051075,0.8937084674835205,300,0.0001,32,0.0001,SmoothL1Loss,wns,none,cuda,True,32,2,4,0.1
177,0.008301531671479876,0.0396724627205422,0.05363340682952771,66.2264481234172,0.9833969473838806,0.04743996711211309,0.1095526208361936,0.12821193708911416,390.02306886324806,0.893743634223938,300,0.0001,32,0.0001,SmoothL1Loss,wns,none,cuda,True,32,2,4,0.1
178,0.008237078946660318,0.03914316233602308,0.05342479697990638,70.07347938749525,0.9835258722305298,0.03994664537631685,0.10164670495405084,0.11765121883350327,339.0609991058471,0.910527229309082,300,0.0001,32,0.0001,SmoothL1Loss,wns,none,cuda,True,32,2,4,0.1
179,0.008545346388090697,0.039823605161574155,0.05441530955760584,65.18351511349753,0.9829093217849731,0.04284719456844623,0.10391483902339897,0.1218477386149619,383.32004779104204,0.9040305614471436,300,0.0001,32,0.0001,SmoothL1Loss,wns,none,cuda,True,32,2,4,0.1
180,0.008054079993310133,0.039085902961059696,0.05282800791922839,65.42159267834255,0.9838918447494507,0.04536342502955998,0.10914874183280128,0.12537449437654774,399.1624987995814,0.8983947038650513,300,0.0001,32,0.0001,SmoothL1Loss,wns,none,cuda,True,32,2,4,0.1
181,0.008717956804921703,0.04025817642520581,0.05496213850779726,65.65036708968026,0.9825640916824341,0.05464573807474817,0.11575370684029564,0.1376050626272186,432.80423887192256,0.877604067325592,300,0.0001,32,0.0001,SmoothL1Loss,wns,none,cuda,True,32,2,4,0.1
182,0.008039162924794096,0.03935539613788327,0.05277906354715793,71.49374768090627,0.9839216470718384,0.05518953238118676,0.1164313859291493,0.13828804332501327,427.7721979050409,0.8763860464096069,300,0.0001,32,0.0001,SmoothL1Loss,wns,none,cuda,True,32,2,4,0.1
183,0.007707774798969723,0.0385172428149316,0.05167979426957246,61.187676021030974,0.9845844507217407,0.05579182067664251,0.1178257888153432,0.1390405705697005,444.544354378231,0.8750370740890503,300,0.0001,32,0.0001,SmoothL1Loss,wns,none,cuda,True,32,2,4,0.1
184,0.008322361524083785,0.0399497904637385,0.053700651553159395,69.09961583500817,0.9833552837371826,0.06286184244330913,0.12181453059412657,0.14758758584899231,474.64514174537055,0.8592015504837036,300,0.0001,32,0.0001,SmoothL1Loss,wns,none,cuda,True,32,2,4,0.1
185,0.007828442335483573,0.038774187669217114,0.05208275439892455,70.9142005443573,0.9843431115150452,0.0615867234434792,0.12138238998632582,0.1460830461544495,475.03844658912175,0.862057626247406,300,0.0001,32,0.0001,SmoothL1Loss,wns,none,cuda,True,32,2,4,0.1
186,0.008227864462357487,0.0394794382376685,0.05339490667928553,78.03107915227375,0.9835442900657654,0.06775676658920322,0.12467296207175842,0.15322605038154188,464.4368583209931,0.8482378721237183,300,0.0001,32,0.0001,SmoothL1Loss,wns,none,cuda,True,32,2,4,0.1
187,0.007880640733573172,0.03896794669211857,0.05225610455775441,66.62338409726581,0.9842387437820435,0.05154421289140979,0.11560587836281648,0.13364300443616148,444.7195882191734,0.884550929069519,300,0.0001,32,0.0001,SmoothL1Loss,wns,none,cuda,True,32,2,4,0.1
188,0.008177555277980569,0.03950295016346943,0.05323141471120026,74.10767558642796,0.9836449027061462,0.049550905217608764,0.1132957445428012,0.1310334194545052,405.87381429520866,0.8890154957771301,300,0.0001,32,0.0001,SmoothL1Loss,wns,none,cuda,True,32,2,4,0.1
189,0.0077213603284372575,0.03848410787297383,0.05172531894082448,60.79067063710046,0.9845572710037231,0.052691670145750755,0.11580971575209073,0.13512237002731323,429.4845959194123,0.8819807767868042,300,0.0001,32,0.0001,SmoothL1Loss,wns,none,cuda,True,32,2,4,0.1
190,0.007955888201231285,0.038931939802649945,0.05250499255118473,70.67616593648516,0.9840882420539856,0.06461648243693782,0.12198535970870465,0.14963318919727342,456.3389937839811,0.8552715182304382,300,0.0001,32,0.0001,SmoothL1Loss,wns,none,cuda,True,32,2,4,0.1
191,0.00796354856223814,0.03841016786764302,0.05253026382550578,54.61515090200636,0.9840729236602783,0.06823915099385121,0.12621967187003483,0.15377051886422527,490.9205042369782,0.8471574783325195,300,0.0001,32,0.0001,SmoothL1Loss,wns,none,cuda,True,32,2,4,0.1
192,0.007840069015473423,0.038386283353680654,0.052121415971608756,60.01930370784941,0.9843198657035828,0.06891295466838139,0.1262578766142565,0.154527829747426,508.24498566748605,0.8456482887268066,300,0.0001,32,0.0001,SmoothL1Loss,wns,none,cuda,True,32,2,4,0.1
193,0.008044011529631145,0.03907720499213726,0.052794977753183155,62.849482093538555,0.9839119911193848,0.10043058885143154,0.1432243963437421,0.18676775256371952,616.8364599091666,0.7745231986045837,300,0.0001,32,0.0001,SmoothL1Loss,wns,none,cuda,True,32,2,4,0.1
194,0.008242695098964586,0.03943553015530583,0.05344300671108422,65.7560734521775,0.9835146069526672,0.09226497753138935,0.13996567036069574,0.17885049741454342,600.5149987387279,0.7932343482971191,300,0.0001,32,0.0001,SmoothL1Loss,wns,none,cuda,True,32,2,4,0.1
195,0.00793776950163264,0.038737643827935535,0.05244531644252554,62.82540781914242,0.9841243624687195,0.04561344442874311,0.1091891938731784,0.12571951704505765,342.7114305344839,0.8978346586227417,300,0.0001,32,0.0001,SmoothL1Loss,wns,none,cuda,True,32,2,4,0.1
196,0.008058603342053376,0.03917797477472396,0.05284284052288606,62.919796886898226,0.9838827848434448,0.08371667392618422,0.13435890348184676,0.17032594754829558,568.4069628337073,0.8124747276306152,300,0.0001,32,0.0001,SmoothL1Loss,wns,none,cuda,True,32,2,4,0.1
197,0.008227069820610009,0.0392812808591222,0.053392328119522534,66.62100093326872,0.9835458397865295,0.05556771433764389,0.11802463260080133,0.13876103691459457,456.96289492031883,0.8755390644073486,300,0.0001,32,0.0001,SmoothL1Loss,wns,none,cuda,True,32,2,4,0.1
198,0.007668173397957746,0.03823688030538578,0.05154686137848824,69.29414382435027,0.9846636652946472,0.04220185338312553,0.10639919654007941,0.12092665423784463,351.70497024626957,0.9054759740829468,300,0.0001,32,0.0001,SmoothL1Loss,wns,none,cuda,True,32,2,4,0.1
199,0.00800225452523649,0.039099218656441996,0.05265776811947719,78.83069085696387,0.9839954972267151,0.035656889241802256,0.09329313332481044,0.111154743065229,273.18719707594977,0.9201354384422302,300,0.0001,32,0.0001,SmoothL1Loss,wns,none,cuda,True,32,2,4,0.1
