row_index,fold,design_name,recipe_id,pred_worst_slack_ns,true_worst_slack_ns,wns_error,pred_total_negative_slack_ns,true_total_negative_slack_ns,tns_error
0,4,flopoco_00000_ieeefpfma,base,-0.8747431039810181,-0.5536999702453613,-0.32104313373565674,-127.41234588623047,-98.97314453125,-28.43920135498047
1,3,flopoco_00001_fpconstdiv,base,-1.4723901748657227,-1.3482849597930908,-0.12410521507263184,-24.687088012695312,-29.185028076171875,4.4979400634765625
2,2,flopoco_00002_fpsqrt,base,-0.6865121722221375,-0.13624300062656403,-0.5502691864967346,-64.83390808105469,-1.5001599788665771,-63.33374786376953
3,1,flopoco_00003_fpcomparator,base,0.11178481578826904,0.04464000090956688,0.06714481115341187,1.6868209838867188,0.0,1.6868209838867188
4,5,flopoco_00004_fpcomparator,base,0.0869172215461731,0.11150699853897095,-0.02458977699279785,-0.17389678955078125,0.0,-0.17389678955078125
5,4,flopoco_00005_fpsqrt,base,-1.772051453590393,-0.6324710249900818,-1.139580488204956,-622.8125610351562,-98.09064483642578,-524.721923828125
6,3,flopoco_00006_fpadd,base,-1.0153460502624512,-0.9118229746818542,-0.10352307558059692,-43.41849899291992,-50.05594253540039,6.637443542480469
7,2,flopoco_00007_fpconstmult,base,-1.2519413232803345,-1.5107990503311157,0.25885772705078125,-39.9494743347168,-94.0830307006836,54.1335563659668
8,1,flopoco_00008_ieeefpadd,base,-0.25265830755233765,-2.0730130672454834,1.820354700088501,-7.5274810791015625,-108.305419921875,100.77793884277344
9,5,flopoco_00009_fpconstmult,base,0.09114569425582886,-1.5107990503311157,1.6019446849822998,-3.3550262451171875,-94.0830307006836,90.7280044555664
10,4,flopoco_00010_fpsqrt,base,-0.4521210193634033,-0.5196530222892761,0.0675320029258728,-80.41093444824219,-54.45395278930664,-25.956981658935547
11,3,flopoco_00011_fpadd,base,-0.26979005336761475,0.0005680000176653266,-0.27035805583000183,-6.152595520019531,0.0,-6.152595520019531
12,2,flopoco_00012_fpdiv,base,-3.030282497406006,-2.385340929031372,-0.6449415683746338,-388.55682373046875,-344.90533447265625,-43.6514892578125
13,1,flopoco_00013_fpmult,base,-3.300893783569336,-3.4529120922088623,0.15201830863952637,-206.38580322265625,-212.9595184326172,6.5737152099609375
14,5,flopoco_00014_fpsqrt,base,-1.0260376930236816,-0.9711430072784424,-0.05489468574523926,-203.06289672851562,-375.7120056152344,172.64910888671875
15,4,flopoco_00015_ieeefpfma,base,-2.357910633087158,-2.4161200523376465,0.05820941925048828,-133.3583526611328,-253.73086547851562,120.37251281738281
16,3,flopoco_00016_fpconstmult,base,-0.4041563868522644,-0.6437190175056458,0.23956263065338135,-10.966766357421875,-10.710284233093262,-0.2564821243286133
17,2,flopoco_00017_ieeefpadd,base,-0.5972024202346802,-0.20386500656604767,-0.3933374285697937,-134.71697998046875,-1.696645975112915,-133.0203399658203
18,1,flopoco_00018_fpadd,base,-0.7886735796928406,-0.3344790041446686,-0.454194575548172,-56.36729431152344,-7.775967121124268,-48.59132766723633
19,5,flopoco_00019_fpmult,base,-2.035797595977783,-1.6820340156555176,-0.3537635803222656,-115.02178955078125,-156.03616333007812,41.014373779296875
20,4,flopoco_00020_fpdiv,base,-5.3452911376953125,-8.323127746582031,2.9778366088867188,-1174.615966796875,-1667.6378173828125,493.0218505859375
21,3,flopoco_00021_fpadd,base,-1.0389795303344727,-0.9556559920310974,-0.08332353830337524,-8.424583435058594,-14.801398277282715,6.376814842224121
22,2,flopoco_00022_fpadd,base,-0.3706110119819641,-0.0013050000416114926,-0.3693059980869293,-20.0394287109375,-0.0013050000416114926,-20.038124084472656
23,1,flopoco_00023_fpadd,base,-0.7878369688987732,-0.4325549900531769,-0.3552819788455963,-31.028602600097656,-7.419931888580322,-23.608671188354492
24,5,flopoco_00024_fpadd,base,-0.4977002739906311,-0.1266299933195114,-0.3710702657699585,-33.8837776184082,-2.671276092529297,-31.212501525878906
25,4,flopoco_00025_fpcomparator,base,0.20501196384429932,0.20499299466609955,1.8969178199768066e-05,1.3704605102539062,0.0,1.3704605102539062
26,3,flopoco_00026_fpdiv,base,-2.320568561553955,-1.8479950428009033,-0.47257351875305176,-176.29696655273438,-104.75068664550781,-71.54627990722656
27,2,flopoco_00027_fpconstdiv,base,-0.8873081207275391,-0.9796259999275208,0.09231787919998169,-30.018680572509766,-20.020069122314453,-9.998611450195312
28,1,flopoco_00028_fpconstdiv,base,-1.5626444816589355,-1.7591450214385986,0.19650053977966309,-40.404335021972656,-58.57735061645508,18.173015594482422
29,5,flopoco_00029_fpconstmult,base,-0.9560313820838928,-0.6115790009498596,-0.3444523811340332,-32.22119140625,-15.78378677368164,-16.43740463256836
30,4,flopoco_00030_fpmult,base,-1.6901884078979492,-1.4329169988632202,-0.257271409034729,-47.570980072021484,-22.989160537719727,-24.581819534301758
31,3,flopoco_00031_fpsqrt,base,-1.8067008256912231,-2.122061014175415,0.3153601884841919,-475.5589294433594,-403.9075622558594,-71.6513671875
32,2,flopoco_00032_fpsqrt,base,-1.2384289503097534,-0.8576970100402832,-0.3807319402694702,-57.415367126464844,-15.856751441955566,-41.558616638183594
33,1,flopoco_00033_ieeefpadd,base,-0.6334010362625122,-0.44075000286102295,-0.19265103340148926,-106.27964782714844,-69.51133728027344,-36.768310546875
34,5,flopoco_00034_fpsqrt,base,-2.587390422821045,-2.375196933746338,-0.21219348907470703,-190.491943359375,-200.17779541015625,9.68585205078125
35,4,flopoco_00035_fpconstmult,base,-0.9084332585334778,-1.4220590591430664,0.5136258006095886,-33.55475997924805,-88.43428802490234,54.8795280456543
36,3,flopoco_00036_fpadd,base,-1.0675543546676636,-0.9687820076942444,-0.09877234697341919,-37.09990310668945,-14.986922264099121,-22.112979888916016
37,2,flopoco_00037_fpconstdiv,base,-1.5760434865951538,-2.708268880844116,1.1322253942489624,-31.231243133544922,-136.24722290039062,105.01597595214844
38,1,flopoco_00038_fpconstmult,base,-0.8857564926147461,-0.2289929986000061,-0.65676349401474,-36.40776824951172,-4.890049934387207,-31.517719268798828
39,5,flopoco_00039_fpconstmult,base,-0.8542588949203491,-0.9180690050125122,0.06381011009216309,-33.14501953125,-38.589996337890625,5.444976806640625
40,4,flopoco_00040_ieeefpfma,base,-0.6294412612915039,-0.7053269743919373,0.07588571310043335,-51.14825439453125,-49.42062759399414,-1.7276268005371094
41,3,flopoco_00041_ieeefpfma,base,-1.0463900566101074,-1.1270500421524048,0.08065998554229736,-173.85635375976562,-220.141357421875,46.285003662109375
42,2,flopoco_00042_fpadd,base,-0.6752644181251526,-0.6397479772567749,-0.035516440868377686,-24.828346252441406,-12.670989990234375,-12.157356262207031
43,1,flopoco_00043_fpcomparator,base,0.1052999496459961,0.15538200736045837,-0.05008205771446228,3.278106689453125,0.0,3.278106689453125
44,5,flopoco_00044_ieeefpadd,base,-0.029278814792633057,0.052733998745679855,-0.08201281726360321,0.23297119140625,0.0,0.23297119140625
45,4,flopoco_00045_fpconstdiv,base,-0.38188934326171875,-0.3097659945487976,-0.07212334871292114,-29.442153930664062,-1.5520139932632446,-27.890140533447266
46,3,flopoco_00046_ieeefpadd,base,-0.6098734736442566,-0.9772639870643616,0.367390513420105,-109.48693084716797,-103.26461029052734,-6.222320556640625
47,2,flopoco_00047_fpdiv,base,-2.235114574432373,-1.479570984840393,-0.75554358959198,-128.60028076171875,-90.15787506103516,-38.442405700683594
48,1,flopoco_00048_fpsqrt,base,-1.3425002098083496,-1.8099050521850586,0.467404842376709,-262.6929016113281,-643.3214111328125,380.6285095214844
49,5,flopoco_00049_fpconstdiv,base,-1.6011844873428345,-1.2766599655151367,-0.32452452182769775,-54.34180450439453,-39.515159606933594,-14.826644897460938
50,4,flopoco_00050_fpconstdiv,base,-0.16282695531845093,-0.05955500155687332,-0.1032719537615776,-23.061111450195312,-0.21630600094795227,-22.844804763793945
51,3,flopoco_00051_ieeefpfma,base,-0.9196051359176636,-1.5312420129776,0.6116368770599365,-332.3197326660156,-276.759521484375,-55.560211181640625
52,2,flopoco_00052_fpconstmult,base,-0.9566280245780945,-1.2952059507369995,0.33857792615890503,-29.081329345703125,-44.93525695800781,15.853927612304688
53,1,flopoco_00053_ieeefpadd,base,0.06588363647460938,0.059431999921798706,0.006451636552810669,3.8486480712890625,0.0,3.8486480712890625
54,5,flopoco_00054_fpcomparator,base,0.13773030042648315,0.17690199613571167,-0.039171695709228516,2.0277862548828125,0.0,2.0277862548828125
55,4,flopoco_00055_fpmult,base,-2.432644844055176,-2.5523340702056885,0.1196892261505127,-165.33607482910156,-99.2459716796875,-66.09010314941406
56,3,flopoco_00056_fpadd,base,-0.27380210161209106,0.0010260000126436353,-0.27482810616493225,-27.821746826171875,0.0,-27.821746826171875
57,2,flopoco_00057_ieeefpfma,base,-1.7341302633285522,-1.9871150255203247,0.25298476219177246,-336.6590881347656,-642.7841186523438,306.1250305175781
58,1,flopoco_00058_fpdiv,base,-0.9526243805885315,-0.7093170285224915,-0.24330735206604004,-145.13104248046875,-104.40673828125,-40.72430419921875
59,5,flopoco_00059_fpconstdiv,base,-0.49774959683418274,-0.4811199903488159,-0.01662960648536682,-3.4683685302734375,-4.7289252281188965,1.260556697845459
60,4,flopoco_00060_ieeefpadd,base,-0.19668251276016235,-0.4436109960079193,0.24692848324775696,-9.990791320800781,-11.886800765991211,1.8960094451904297
61,3,flopoco_00061_fpmult,base,-3.2546463012695312,-3.4529120922088623,0.19826579093933105,-206.73046875,-212.9595184326172,6.2290496826171875
62,2,flopoco_00062_fpcomparator,base,0.08381021022796631,0.05867199972271919,0.025138210505247116,-20.10333251953125,0.0,-20.10333251953125
63,1,flopoco_00063_fpsqrt,base,-0.9003223180770874,-0.77252197265625,-0.1278003454208374,-123.57154083251953,-40.18632888793945,-83.38520812988281
64,5,flopoco_00064_ieeefpadd,base,-0.563956618309021,-0.9381089806556702,0.37415236234664917,-7.586883544921875,-21.9860897064209,14.399206161499023
65,4,flopoco_00065_fpconstmult,base,-0.8423771262168884,-0.9887740015983582,0.14639687538146973,-23.12102508544922,-31.33561134338379,8.21458625793457
66,3,flopoco_00066_fpcomparator,base,0.19938361644744873,0.28917399048805237,-0.08979037404060364,-0.3133392333984375,0.0,-0.3133392333984375
67,2,flopoco_00067_fpadd,base,-0.815982460975647,-0.9115869998931885,0.0956045389175415,-81.46205139160156,-52.12685775756836,-29.335193634033203
68,1,flopoco_00068_fpcomparator,base,0.1688675880432129,0.1427990049123764,0.026068583130836487,-0.8658523559570312,0.0,-0.8658523559570312
69,5,flopoco_00069_fpadd,base,-0.5150365829467773,-0.12665699422359467,-0.3883795738220215,-34.33305740356445,-2.7018730640411377,-31.631183624267578
70,4,flopoco_00070_fpmult,base,-3.112999200820923,-3.486051082611084,0.37305188179016113,-188.51683044433594,-216.5516815185547,28.03485107421875
71,3,flopoco_00071_fpconstmult,base,-0.4573467969894409,0.41675499081611633,-0.8741017580032349,-17.11474609375,0.0,-17.11474609375
72,2,flopoco_00072_fpsqrt,base,-3.690375804901123,-4.222127914428711,0.5317521095275879,-522.0602416992188,-739.468994140625,217.40875244140625
73,1,flopoco_00073_fpadd,base,-0.3382197618484497,-0.15582799911499023,-0.18239176273345947,-23.930191040039062,-0.5666840076446533,-23.363506317138672
74,5,flopoco_00074_fpsqrt,base,-0.4722980856895447,-0.36434799432754517,-0.10795009136199951,-38.02167510986328,-23.383380889892578,-14.638294219970703
75,4,flopoco_00075_fpmult,base,-1.968165397644043,-2.3878231048583984,0.41965770721435547,-161.69515991210938,-92.6413345336914,-69.05382537841797
76,3,flopoco_00076_ieeefpfma,base,-1.4755326509475708,-0.9639779925346375,-0.5115546584129333,-41.844024658203125,-35.445106506347656,-6.398918151855469
77,2,flopoco_00077_fpcomparator,base,0.14354145526885986,0.132314994931221,0.011226460337638855,5.860679626464844,0.0,5.860679626464844
78,1,flopoco_00078_fpmult,base,-1.6091192960739136,-2.186316967010498,0.5771976709365845,-32.7412109375,-98.28980255126953,65.54859161376953
79,5,flopoco_00079_fpconstmult,base,-0.8228285312652588,-0.4617139995098114,-0.3611145317554474,-31.284931182861328,-7.378821849822998,-23.906108856201172
80,4,flopoco_00080_fpsqrt,base,-0.3034813404083252,-0.3524079918861389,0.04892665147781372,-27.9407958984375,-3.2346320152282715,-24.70616340637207
81,3,flopoco_00081_fpmult,base,-1.6309309005737305,-1.4246619939804077,-0.20626890659332275,-26.819923400878906,-22.623876571655273,-4.196046829223633
82,2,flopoco_00082_fpdiv,base,-2.102750539779663,-2.8622970581054688,0.7595465183258057,-1765.8309326171875,-2110.7158203125,344.8848876953125
83,1,flopoco_00083_fpdiv,base,-3.3885412216186523,-3.3668510913848877,-0.02169013023376465,-124.3670654296875,-95.0960693359375,-29.27099609375
84,5,flopoco_00084_fpcomparator,base,0.18039673566818237,0.16379599273204803,0.01660074293613434,3.6427536010742188,0.0,3.6427536010742188
85,4,flopoco_00085_fpconstdiv,base,-0.9420567750930786,-2.1533560752868652,1.2112993001937866,-29.096527099609375,-34.57563781738281,5.4791107177734375
86,3,flopoco_00086_fpmult,base,-0.8498430252075195,-0.9371579885482788,0.08731496334075928,-28.087188720703125,-14.00207233428955,-14.085116386413574
87,2,flopoco_00087_ieeefpfma,base,-1.5150694847106934,-1.446457028388977,-0.06861245632171631,-307.24395751953125,-565.878662109375,258.63470458984375
88,1,flopoco_00088_fpsqrt,base,-0.49777716398239136,-0.77252197265625,0.27474480867385864,-22.452308654785156,-40.18632888793945,17.734020233154297
89,5,flopoco_00089_fpmult,base,-1.2745747566223145,-1.1577039957046509,-0.11687076091766357,-29.19970703125,-33.712894439697266,4.513187408447266
90,4,flopoco_00090_fpconstmult,base,-0.4040968418121338,0.3883729875087738,-0.79246985912323,-19.964942932128906,0.0,-19.964942932128906
91,3,flopoco_00091_fpmult,base,-1.4590518474578857,-1.4246619939804077,-0.03438985347747803,-24.583877563476562,-22.623876571655273,-1.960000991821289
92,2,flopoco_00092_fpmult,base,-2.6332759857177734,-2.847136974334717,0.21386098861694336,-123.61909484863281,-126.94425964355469,3.325164794921875
93,1,flopoco_00093_ieeefpfma,base,-1.66914701461792,-1.0550639629364014,-0.6140830516815186,-91.39106750488281,-42.19834518432617,-49.19272232055664
94,5,flopoco_00094_fpmult,base,-1.5276752710342407,-1.5514520406723022,0.023776769638061523,-30.780406951904297,-27.768762588500977,-3.0116443634033203
95,4,flopoco_00095_ieeefpadd,base,-0.4036461114883423,-0.1321209967136383,-0.271525114774704,-53.51730728149414,-0.5085909962654114,-53.00871658325195
96,3,flopoco_00096_fpconstdiv,base,-0.63258296251297,-0.8005899786949158,0.1680070161819458,-33.62260055541992,-25.274015426635742,-8.34858512878418
97,2,flopoco_00097_ieeefpadd,base,-0.4588238596916199,-0.19871200621128082,-0.26011186838150024,-22.46025848388672,-6.00015115737915,-16.460107803344727
98,1,flopoco_00098_fpconstmult,base,-1.0347754955291748,-0.5551499724388123,-0.47962552309036255,-52.71248245239258,-15.206741333007812,-37.505741119384766
99,5,flopoco_00099_fpsqrt,base,-1.3582590818405151,-1.5294599533081055,0.17120087146759033,-204.6656494140625,-189.0209197998047,-15.644729614257812
100,4,flopoco_00100_fpconstdiv,base,-0.37004393339157104,-0.19188199937343597,-0.17816193401813507,-29.096466064453125,-0.8700249791145325,-28.2264404296875
101,3,flopoco_00101_fpdiv,base,-0.7656374573707581,-0.20325900614261627,-0.562378466129303,-37.81867980957031,-18.731687545776367,-19.086992263793945
102,2,flopoco_00102_fpcomparator,base,0.2517886161804199,0.28917399048805237,-0.037385374307632446,3.6769561767578125,0.0,3.6769561767578125
103,1,flopoco_00103_fpmult,base,-1.9720981121063232,-1.5897949934005737,-0.3823031187057495,-114.31977844238281,-49.64461135864258,-64.6751708984375
104,5,flopoco_00104_fpconstdiv,base,-0.9201741814613342,-0.6053419709205627,-0.3148322105407715,-38.66507339477539,-21.4649600982666,-17.20011329650879
105,4,flopoco_00105_fpcomparator,base,0.13196372985839844,0.15745599567890167,-0.025492265820503235,-1.5707626342773438,0.0,-1.5707626342773438
106,3,flopoco_00106_ieeefpfma,base,-0.8712813854217529,-0.9099010229110718,0.03861963748931885,-56.33180236816406,-60.10400390625,3.7722015380859375
107,2,flopoco_00107_fpconstmult,base,0.1610393524169922,0.43587398529052734,-0.27483463287353516,4.3156585693359375,0.0,4.3156585693359375
108,1,flopoco_00108_fpadd,base,-0.5676670074462891,-0.32807600498199463,-0.23959100246429443,-58.81980514526367,-10.755697250366211,-48.064109802246094
109,5,flopoco_00109_fpmult,base,-2.68485426902771,-2.905179023742676,0.22032475471496582,-114.1710205078125,-113.69568634033203,-0.47533416748046875
110,4,flopoco_00110_fpconstmult,base,-0.9007001519203186,-1.2024279832839966,0.301727831363678,-21.619140625,-46.59628677368164,24.97714614868164
111,3,flopoco_00111_fpdiv,base,-0.8074714541435242,-0.7823860049247742,-0.02508544921875,-145.59963989257812,-75.9026107788086,-69.69702911376953
112,2,flopoco_00112_fpconstdiv,base,-1.487562656402588,-1.0955619812011719,-0.392000675201416,-34.40554428100586,-29.94455337524414,-4.460990905761719
113,1,flopoco_00113_fpsqrt,base,-0.6574161052703857,-0.978630006313324,0.32121390104293823,-69.17170715332031,-95.3512954711914,26.179588317871094
114,5,flopoco_00114_fpconstmult,base,-1.2535699605941772,-1.4753799438476562,0.221809983253479,-50.25874710083008,-64.41985321044922,14.16110610961914
115,4,flopoco_00115_fpdiv,base,-2.90214204788208,-3.7622170448303223,0.8600749969482422,-268.2370910644531,-145.8470916748047,-122.38999938964844
116,3,flopoco_00116_fpadd,base,-0.5638599395751953,-0.25095000863075256,-0.31290993094444275,-57.32184600830078,-13.012614250183105,-44.30923080444336
117,2,flopoco_00117_ieeefpadd,base,-0.711904764175415,-1.6738309860229492,0.9619262218475342,-44.443092346191406,-75.55390930175781,31.110816955566406
118,1,flopoco_00118_fpconstmult,base,-0.8494570255279541,-0.42322900891304016,-0.42622801661491394,-38.29814910888672,-11.591748237609863,-26.706401824951172
119,5,flopoco_00119_fpconstmult,base,-0.8258386850357056,-0.8764979839324951,0.05065929889678955,-31.875091552734375,-34.73363494873047,2.8585433959960938
120,4,flopoco_00120_ieeefpfma,base,-0.42573392391204834,-0.1953130066394806,-0.23042091727256775,-51.623565673828125,-6.8579630851745605,-44.765602111816406
121,3,flopoco_00121_fpconstmult,base,-0.9392054677009583,-0.47297900915145874,-0.4662264585494995,-82.5189208984375,-17.88732147216797,-64.63159942626953
122,2,flopoco_00122_fpconstdiv,base,-1.4613680839538574,-1.4849950075149536,0.02362692356109619,-125.40948486328125,-167.00245666503906,41.59297180175781
123,1,flopoco_00123_fpconstdiv,base,-1.2703511714935303,-1.0691150426864624,-0.20123612880706787,-38.00129699707031,-55.01988220214844,17.018585205078125
124,5,flopoco_00124_fpsqrt,base,-1.3619447946548462,-2.19492506980896,0.8329802751541138,-21.120670318603516,-23.844770431518555,2.724100112915039
125,4,flopoco_00125_fpcomparator,base,0.15276992321014404,0.17021100223064423,-0.017441079020500183,-7.0587615966796875,0.0,-7.0587615966796875
126,3,flopoco_00126_ieeefpfma,base,-2.1402242183685303,-2.5866689682006836,0.4464447498321533,-51.8387451171875,-41.01078796386719,-10.827957153320312
127,2,flopoco_00127_fpmult,base,-1.666982889175415,-1.5546000003814697,-0.11238288879394531,-42.60935592651367,-27.80838966369629,-14.800966262817383
128,1,flopoco_00128_fpconstmult,base,-0.40692681074142456,-0.5675820112228394,0.1606552004814148,-6.5419464111328125,-10.39698600769043,3.855039596557617
129,5,flopoco_00129_ieeefpfma,base,-2.059001922607422,-2.5866689682006836,0.5276670455932617,-54.42383575439453,-41.01078796386719,-13.413047790527344
130,4,flopoco_00130_fpconstmult,base,-1.3756799697875977,-1.3534280061721802,-0.02225196361541748,-35.974853515625,-52.134117126464844,16.159263610839844
131,3,flopoco_00131_fpsqrt,base,-0.9973041415214539,-0.7188889980316162,-0.27841514348983765,-91.29463958740234,-241.26217651367188,149.967529296875
132,2,flopoco_00132_fpadd,base,-0.7622994184494019,-0.7710180282592773,0.008718609809875488,-21.205474853515625,-12.39645004272461,-8.809024810791016
133,1,flopoco_00133_fpadd,base,-1.1324431896209717,-1.1933629512786865,0.060919761657714844,-81.78071594238281,-81.40274047851562,-0.3779754638671875
134,5,flopoco_00134_fpconstmult,base,-1.0576128959655762,-1.0710999965667725,0.013487100601196289,-42.28504180908203,-44.61167526245117,2.3266334533691406
135,4,flopoco_00135_fpdiv,base,-1.439974308013916,-1.1203440427780151,-0.3196302652359009,-251.741455078125,-217.78012084960938,-33.961334228515625
136,3,flopoco_00136_fpdiv,base,-2.277867555618286,-2.916146993637085,0.6382794380187988,-347.6822814941406,-330.12103271484375,-17.561248779296875
137,2,flopoco_00137_fpcomparator,base,0.3195091485977173,0.36139899492263794,-0.041889846324920654,3.9483184814453125,0.0,3.9483184814453125
138,1,flopoco_00138_fpconstmult,base,-1.2949098348617554,-1.6898260116577148,0.3949161767959595,-45.10331726074219,-74.80974578857422,29.70642852783203
139,5,flopoco_00139_ieeefpfma,base,-1.5134310722351074,-1.8181259632110596,0.30469489097595215,-209.7714080810547,-119.65093994140625,-90.12046813964844
140,4,flopoco_00140_fpdiv,base,-2.459071159362793,-2.8900740146636963,0.4310028553009033,-107.42129516601562,-89.0428466796875,-18.378448486328125
141,3,flopoco_00141_fpsqrt,base,-1.4983692169189453,-2.5639610290527344,1.065591812133789,-105.4917221069336,-141.056396484375,35.564674377441406
142,2,flopoco_00142_fpdiv,base,-1.826919674873352,-1.0085779428482056,-0.8183417320251465,-107.22193908691406,-40.38400650024414,-66.83793640136719
143,1,flopoco_00143_fpdiv,base,-2.7496728897094727,-2.18770694732666,-0.5619659423828125,-705.7810668945312,-455.1263427734375,-250.65472412109375
144,5,flopoco_00144_ieeefpfma,base,-1.0259243249893188,-0.5802599787712097,-0.44566434621810913,-163.27487182617188,-64.12541198730469,-99.14945983886719
145,4,flopoco_00145_fpconstdiv,base,-1.1157057285308838,-1.1790629625320435,0.06335723400115967,-37.66014099121094,-32.15827941894531,-5.501861572265625
146,3,flopoco_00146_ieeefpadd,base,-0.9433566331863403,-1.2642120122909546,0.32085537910461426,-113.89273071289062,-206.64730834960938,92.75457763671875
147,2,flopoco_00147_fpdiv,base,-0.9442886114120483,-1.440783977508545,0.4964953660964966,-586.8330078125,-346.70452880859375,-240.12847900390625
148,1,flopoco_00148_fpconstdiv,base,-0.4025644063949585,-0.19188199937343597,-0.21068240702152252,-7.004066467285156,-0.8700249791145325,-6.1340413093566895
149,5,flopoco_00149_fpdiv,base,-4.579560279846191,-4.7820258140563965,0.20246553421020508,-2076.832763671875,-2658.2109375,581.378173828125
150,4,flopoco_00150_fpconstdiv,base,-0.21742403507232666,0.007286999840289354,-0.22471103072166443,-20.65777587890625,0.0,-20.65777587890625
151,3,flopoco_00151_fpmult,base,-2.8259358406066895,-2.6808440685272217,-0.14509177207946777,-200.5489501953125,-118.63158416748047,-81.91736602783203
152,2,flopoco_00152_fpconstmult,base,-0.6361883878707886,-0.9348459839820862,0.2986575961112976,-14.976219177246094,-40.25319290161133,25.276973724365234
153,1,flopoco_00153_fpdiv,base,-1.3297277688980103,-0.6712570190429688,-0.6584707498550415,-157.2642822265625,-10.952864646911621,-146.31141662597656
154,5,flopoco_00154_fpcomparator,base,0.13713675737380981,0.15020999312400818,-0.013073235750198364,-0.13039398193359375,0.0,-0.13039398193359375
155,4,flopoco_00155_fpcomparator,base,0.1873530149459839,0.28917399048805237,-0.10182097554206848,-2.4059600830078125,0.0,-2.4059600830078125
156,3,flopoco_00156_fpconstmult,base,-0.9392054677009583,-0.47297900915145874,-0.4662264585494995,-82.5189208984375,-17.88732147216797,-64.63159942626953
157,2,flopoco_00157_fpconstdiv,base,-0.3286188840866089,-0.3097659945487976,-0.01885288953781128,-14.24163818359375,-1.5520139932632446,-12.689623832702637
158,1,flopoco_00158_fpconstdiv,base,-1.2523996829986572,-0.8035809993743896,-0.4488186836242676,-36.33403015136719,-30.786901473999023,-5.547128677368164
159,5,flopoco_00159_fpdiv,base,-1.2728067636489868,-4.7820258140563965,3.509219169616699,-302.415283203125,-2658.2109375,2355.795654296875
160,4,flopoco_00160_fpsqrt,base,-2.4886231422424316,-3.0374460220336914,0.5488228797912598,-127.57144165039062,-115.92076873779297,-11.650672912597656
161,3,flopoco_00161_ieeefpadd,base,-0.561028778553009,-0.48419299721717834,-0.07683578133583069,-24.534164428710938,-39.20808410644531,14.673919677734375
162,2,flopoco_00162_fpdiv,base,-1.057798147201538,-0.3769569993019104,-0.6808411478996277,-117.41584777832031,-29.68146514892578,-87.73438262939453
163,1,flopoco_00163_fpconstdiv,base,-0.31793999671936035,-0.1798270046710968,-0.13811299204826355,-8.658370971679688,-1.0067609548568726,-7.651609897613525
164,5,flopoco_00164_ieeefpadd,base,-0.8431316614151001,-0.8731459975242615,0.030014336109161377,-80.5863037109375,-135.5120391845703,54.92573547363281
165,4,flopoco_00165_fpsqrt,base,-1.0171802043914795,-1.1497100591659546,0.1325298547744751,-79.34815979003906,-94.49188232421875,15.143722534179688
166,3,flopoco_00166_fpcomparator,base,0.18114805221557617,0.24147799611091614,-0.060329943895339966,-0.16417694091796875,0.0,-0.16417694091796875
167,2,flopoco_00167_fpadd,base,-0.8657870888710022,-1.0267200469970703,0.16093295812606812,-35.43391418457031,-35.968170166015625,0.5342559814453125
168,1,flopoco_00168_fpcomparator,base,0.1688675880432129,0.15020999312400818,0.018657594919204712,-0.8658523559570312,0.0,-0.8658523559570312
169,5,flopoco_00169_fpcomparator,base,0.2004346251487732,0.2364570051431656,-0.036022379994392395,3.597076416015625,0.0,3.597076416015625
170,4,flopoco_00170_ieeefpadd,base,-0.2016083002090454,-0.41344600915908813,0.21183770895004272,-10.551292419433594,-8.780488967895508,-1.770803451538086
171,3,flopoco_00171_fpmult,base,-3.2914657592773438,-3.2456300258636475,-0.04583573341369629,-217.16812133789062,-200.49476623535156,-16.673355102539062
172,2,flopoco_00172_fpmult,base,-1.666982889175415,-1.5546000003814697,-0.11238288879394531,-42.60935592651367,-27.80838966369629,-14.800966262817383
173,1,flopoco_00173_fpadd,base,-0.6275575160980225,-0.6481299996376038,0.0205724835395813,-8.042678833007812,-11.01697826385498,2.974299430847168
174,5,flopoco_00174_fpdiv,base,-1.0601845979690552,-4.396883010864258,3.336698532104492,-40.9995231628418,-3001.150390625,2960.15087890625
175,4,flopoco_00175_fpdiv,base,-1.1262876987457275,-0.6890450119972229,-0.43724268674850464,-267.8851623535156,-189.47808837890625,-78.40707397460938
176,3,flopoco_00176_fpconstdiv,base,-0.37462007999420166,-0.6073240041732788,0.23270392417907715,5.788825988769531,-3.109510898590088,8.898336410522461
177,2,flopoco_00177_fpsqrt,base,-0.08905375003814697,-0.04619999974966049,-0.04285375028848648,-19.235015869140625,-0.1418289989233017,-19.09318733215332
178,1,flopoco_00178_fpcomparator,base,0.2514001131057739,0.28264498710632324,-0.031244874000549316,5.622283935546875,0.0,5.622283935546875
179,5,flopoco_00179_fpmult,base,-2.4548208713531494,-2.5523340702056885,0.09751319885253906,-91.95222473144531,-99.2459716796875,7.2937469482421875
180,4,flopoco_00180_fpcomparator,base,0.23167872428894043,0.35009801387786865,-0.11841928958892822,-0.7221755981445312,0.0,-0.7221755981445312
181,3,flopoco_00181_ieeefpfma,base,-1.5368462800979614,-1.720559000968933,0.18371272087097168,-68.89730072021484,-137.135009765625,68.23770904541016
182,2,flopoco_00182_fpsqrt,base,-0.12515056133270264,0.1036050021648407,-0.22875556349754333,-33.97207260131836,0.0,-33.97207260131836
183,1,flopoco_00183_fpconstdiv,base,-0.6207743287086487,-0.2473060041666031,-0.3734683394432068,-10.300064086914062,-1.194000005722046,-9.106063842773438
184,5,flopoco_00184_fpconstmult,base,-0.6918942928314209,-0.3743689954280853,-0.31752529740333557,-44.19593048095703,-17.488916397094727,-26.707014083862305
185,4,flopoco_00185_fpconstmult,base,-0.4040968418121338,0.36733800172805786,-0.7714348435401917,-19.964942932128906,0.0,-19.964942932128906
186,3,flopoco_00186_fpconstmult,base,-1.6300410032272339,-0.6881250143051147,-0.9419159889221191,-132.42318725585938,-83.3067626953125,-49.116424560546875
187,2,flopoco_00187_fpadd,base,-0.9890540838241577,-0.4689359962940216,-0.5201181173324585,-131.65585327148438,-35.13139724731445,-96.52445983886719
188,1,flopoco_00188_ieeefpfma,base,-1.6389868259429932,-1.6328480243682861,-0.006138801574707031,-75.34332275390625,-81.94003295898438,6.596710205078125
189,5,flopoco_00189_fpsqrt,base,-0.16193556785583496,0.18137699365615845,-0.3433125615119934,-5.90679931640625,0.0,-5.90679931640625
190,4,flopoco_00190_fpadd,base,-1.9847698211669922,-1.6326589584350586,-0.3521108627319336,-147.56094360351562,-121.77979278564453,-25.781150817871094
191,3,flopoco_00191_fpmult,base,-2.0566530227661133,-1.6820340156555176,-0.3746190071105957,-97.50568389892578,-156.03616333007812,58.530479431152344
192,2,flopoco_00192_ieeefpadd,base,-0.46852993965148926,-0.9432179927825928,0.4746880531311035,-20.468490600585938,-23.72034454345703,3.2518539428710938
193,1,flopoco_00193_fpdiv,base,-6.40205192565918,-8.22274398803711,1.8206920623779297,-1828.5596923828125,-1993.33984375,164.7801513671875
194,5,flopoco_00194_fpdiv,base,-1.3293061256408691,-1.8900649547576904,0.5607588291168213,-200.20736694335938,-216.99566650390625,16.788299560546875
195,4,flopoco_00195_fpcomparator,base,0.12838530540466309,0.12538500130176544,0.003000304102897644,-5.309669494628906,0.0,-5.309669494628906
196,3,flopoco_00196_fpadd,base,-0.9324134588241577,-0.9962189793586731,0.06380552053451538,-26.381858825683594,-34.91292190551758,8.531063079833984
197,2,flopoco_00197_fpconstdiv,base,-0.2209862470626831,0.054496001452207565,-0.2754822373390198,-23.213027954101562,0.0,-23.213027954101562
198,1,flopoco_00198_fpconstmult,base,-0.8119099140167236,-0.6881250143051147,-0.12378489971160889,-33.78413772583008,-83.3067626953125,49.52262496948242
199,5,flopoco_00199_fpadd,base,-0.6043156981468201,-0.18967600166797638,-0.4146397113800049,-43.18695068359375,-6.660648822784424,-36.526302337646484
200,4,flopoco_00200_fpmult,base,-1.430991291999817,-1.0101230144500732,-0.42086827754974365,-46.775962829589844,-15.877447128295898,-30.898515701293945
201,3,flopoco_00201_fpcomparator,base,0.18930530548095703,0.20499299466609955,-0.015687689185142517,-0.4351043701171875,0.0,-0.4351043701171875
202,2,flopoco_00202_fpadd,base,-0.4695811867713928,-0.35613399744033813,-0.11344718933105469,-23.47894287109375,-5.258652210235596,-18.220291137695312
203,1,flopoco_00203_fpconstmult,base,-0.0636027455329895,0.43824899196624756,-0.5018517374992371,-9.887901306152344,0.0,-9.887901306152344
204,5,flopoco_00204_fpconstmult,base,-0.6321752667427063,-0.3097729980945587,-0.3224022686481476,-35.41547775268555,-11.667196273803711,-23.748281478881836
205,4,flopoco_00205_fpdiv,base,-2.186427593231201,-1.4675060510635376,-0.7189215421676636,-111.68820190429688,-100.80362701416016,-10.884574890136719
206,3,flopoco_00206_fpconstmult,base,-0.7856844067573547,-0.8736420273780823,0.08795762062072754,-23.62122344970703,-32.985294342041016,9.364070892333984
207,2,flopoco_00207_fpcomparator,base,0.26554977893829346,0.24075399339199066,0.024795785546302795,3.2192535400390625,0.0,3.2192535400390625
208,1,flopoco_00208_ieeefpadd,base,-1.14314603805542,-2.0730130672454834,0.9298670291900635,-127.00947570800781,-108.305419921875,-18.704055786132812
209,5,flopoco_00209_fpcomparator,base,0.14728420972824097,0.12997199594974518,0.01731221377849579,-0.07260894775390625,0.0,-0.07260894775390625
210,4,flopoco_00210_fpadd,base,-0.6303350925445557,-0.5235369801521301,-0.10679811239242554,-51.651737213134766,-27.811412811279297,-23.84032440185547
211,3,flopoco_00211_fpconstmult,base,-0.7217931747436523,-0.7321959733963013,0.010402798652648926,-9.730705261230469,-22.960752487182617,13.230047225952148
212,2,flopoco_00212_fpmult,base,-2.4944446086883545,-2.579617977142334,0.08517336845397949,-95.50318908691406,-99.73782348632812,4.2346343994140625
213,1,flopoco_00213_fpcomparator,base,0.1688675880432129,0.15020999312400818,0.018657594919204712,-0.8658523559570312,0.0,-0.8658523559570312
214,5,flopoco_00214_fpadd,base,-1.5297174453735352,-0.35613399744033813,-1.1735835075378418,-54.67701721191406,-5.258652210235596,-49.418365478515625
215,4,flopoco_00215_fpsqrt,base,-2.1234967708587646,-1.5855909585952759,-0.5379058122634888,-227.41738891601562,-158.4043731689453,-69.01301574707031
216,3,flopoco_00216_fpdiv,base,-4.443670272827148,-4.564468860626221,0.12079858779907227,-114.44966125488281,-41.019954681396484,-73.42970275878906
217,2,flopoco_00217_fpmult,base,-2.718679666519165,-2.7922561168670654,0.07357645034790039,-141.74452209472656,-124.26914978027344,-17.475372314453125
218,1,flopoco_00218_fpcomparator,base,0.1629652976989746,0.2072719931602478,-0.04430669546127319,-11.074989318847656,0.0,-11.074989318847656
219,5,flopoco_00219_fpconstmult,base,-0.8021911382675171,-0.836991012096405,0.03479987382888794,-23.468368530273438,-25.784019470214844,2.3156509399414062
220,4,flopoco_00220_ieeefpadd,base,-0.38000667095184326,-1.1898670196533203,0.809860348701477,-14.294281005859375,-23.673419952392578,9.379138946533203
221,3,flopoco_00221_fpadd,base,-0.5432218313217163,-0.19006599485874176,-0.35315585136413574,-49.627830505371094,-6.665639877319336,-42.962188720703125
222,2,flopoco_00222_fpdiv,base,-2.436431884765625,-1.9585740566253662,-0.4778578281402588,-137.98233032226562,-84.42052459716797,-53.561805725097656
223,1,flopoco_00223_fpdiv,base,-0.7013107538223267,-0.49366599321365356,-0.2076447606086731,-261.3373718261719,-65.75804901123047,-195.57931518554688
224,5,flopoco_00224_fpdiv,base,-0.9015382528305054,-1.0560129880905151,0.15447473526000977,-143.905029296875,-199.83103942871094,55.92601013183594
225,4,flopoco_00225_fpmult,base,-1.6353275775909424,-1.4240200519561768,-0.21130752563476562,-48.451866149902344,-22.901124954223633,-25.55074119567871
226,3,flopoco_00226_fpmult,base,-0.8355571627616882,-0.6515049934387207,-0.18405216932296753,-35.26021957397461,-10.366181373596191,-24.894039154052734
227,2,flopoco_00227_fpconstdiv,base,-0.3306504487991333,-0.34600698947906494,0.01535654067993164,-19.21953582763672,-2.2964680194854736,-16.923067092895508
228,1,flopoco_00228_fpcomparator,base,0.1122056245803833,0.17690199613571167,-0.06469637155532837,6.572990417480469,0.0,6.572990417480469
229,5,flopoco_00229_fpmult,base,-2.4548208713531494,-2.579617977142334,0.12479710578918457,-91.95222473144531,-99.73782348632812,7.7855987548828125
230,4,flopoco_00230_fpconstmult,base,-0.48565566539764404,-0.41071000695228577,-0.07494565844535828,-19.771011352539062,-6.776991844177246,-12.994019508361816
231,3,flopoco_00231_fpmult,base,-1.5794448852539062,-1.4329169988632202,-0.14652788639068604,-26.09455108642578,-22.989160537719727,-3.1053905487060547
232,2,flopoco_00232_fpdiv,base,-3.812605381011963,-4.616113185882568,0.8035078048706055,-213.71124267578125,-195.03131103515625,-18.679931640625
233,1,flopoco_00233_fpcomparator,base,0.17776834964752197,0.12997199594974518,0.047796353697776794,2.3349075317382812,0.0,2.3349075317382812
234,5,flopoco_00234_fpadd,base,-1.4118108749389648,-1.2615989446640015,-0.15021193027496338,-58.14380645751953,-66.62359619140625,8.479789733886719
235,4,flopoco_00235_fpcomparator,base,0.12050557136535645,0.16379599273204803,-0.04329042136669159,-5.0152130126953125,0.0,-5.0152130126953125
236,3,flopoco_00236_fpconstdiv,base,-0.4853072166442871,-0.48789000511169434,0.0025827884674072266,-8.274581909179688,-4.2614312171936035,-4.013150691986084
237,2,flopoco_00237_fpadd,base,-0.5678670406341553,-0.9687820076942444,0.4009149670600891,-19.541526794433594,-14.986922264099121,-4.554604530334473
238,1,flopoco_00238_fpcomparator,base,0.19799208641052246,0.2364570051431656,-0.03846491873264313,6.380271911621094,0.0,6.380271911621094
239,5,flopoco_00239_fpconstdiv,base,-1.1131947040557861,-0.938169002532959,-0.17502570152282715,-39.03217315673828,-15.696929931640625,-23.335243225097656
240,4,flopoco_00240_fpmult,base,-1.5180399417877197,-1.4246619939804077,-0.09337794780731201,-45.95937728881836,-22.623876571655273,-23.335500717163086
241,3,flopoco_00241_fpdiv,base,-3.6992580890655518,-1.0560129880905151,-2.643245220184326,-162.88217163085938,-199.83103942871094,36.94886779785156
242,2,flopoco_00242_fpconstmult,base,-0.9090614318847656,-1.5528539419174194,0.6437925100326538,-27.805557250976562,-54.54705810546875,26.741500854492188
243,1,flopoco_00243_fpconstmult,base,-0.700717031955719,-0.8897489905357361,0.1890319585800171,-17.582015991210938,-40.46039962768555,22.87838363647461
244,5,flopoco_00244_fpsqrt,base,-1.2397838830947876,-2.1483590602874756,0.908575177192688,-162.8958740234375,-295.2675476074219,132.37167358398438
245,4,flopoco_00245_fpadd,base,-0.761003851890564,-0.612932026386261,-0.14807182550430298,-29.703872680664062,-11.116344451904297,-18.587528228759766
246,3,flopoco_00246_fpadd,base,-0.8620067834854126,-0.7710180282592773,-0.09098875522613525,-15.583320617675781,-12.39645004272461,-3.186870574951172
247,2,flopoco_00247_fpadd,base,-1.5251195430755615,-1.603795051574707,0.07867550849914551,-50.01256561279297,-48.61786651611328,-1.3946990966796875
248,1,flopoco_00248_fpconstdiv,base,-0.16185110807418823,-0.19663000106811523,0.034778892993927,3.733856201171875,-0.5797939896583557,4.313650131225586
249,5,flopoco_00249_fpcomparator,base,0.11863571405410767,0.14083899557590485,-0.02220328152179718,-0.6244049072265625,0.0,-0.6244049072265625
250,4,flopoco_00250_fpconstmult,base,-0.647371232509613,-0.6252260208129883,-0.022145211696624756,-26.701904296875,-11.814101219177246,-14.887803077697754
251,3,flopoco_00251_fpconstmult,base,-0.028094112873077393,0.3494569957256317,-0.3775511085987091,1.9800491333007812,0.0,1.9800491333007812
252,2,flopoco_00252_fpconstdiv,base,-0.3388552665710449,0.02778800018131733,-0.3666432797908783,-22.981948852539062,0.0,-22.981948852539062
253,1,flopoco_00253_fpconstdiv,base,-0.8822973370552063,-0.5288190245628357,-0.3534783124923706,-67.35942840576172,-43.50239562988281,-23.857032775878906
254,5,flopoco_00254_fpcomparator,base,0.24420911073684692,0.24142299592494965,0.002786114811897278,5.2660675048828125,0.0,5.2660675048828125
255,4,flopoco_00255_fpcomparator,base,0.057689547538757324,0.07157500088214874,-0.013885453343391418,-4.2181396484375,0.0,-4.2181396484375
256,3,flopoco_00256_fpsqrt,base,-0.293390154838562,0.12479899823665619,-0.4181891679763794,-39.72612380981445,0.0,-39.72612380981445
257,2,flopoco_00257_fpconstdiv,base,-0.4205814599990845,-0.4007059931755066,-0.01987546682357788,-11.786605834960938,-3.30765700340271,-8.478948593139648
258,1,flopoco_00258_fpcomparator,base,0.25629186630249023,0.24075399339199066,0.015537872910499573,5.885841369628906,0.0,5.885841369628906
259,5,flopoco_00259_fpdiv,base,-1.0997233390808105,-2.1021111011505127,1.0023877620697021,-240.9280548095703,-436.9447021484375,196.0166473388672
260,4,flopoco_00260_fpdiv,base,-2.4568161964416504,-1.849877953529358,-0.6069382429122925,-628.0507202148438,-547.25634765625,-80.79437255859375
261,3,flopoco_00261_fpcomparator,base,0.23383629322052002,0.35009801387786865,-0.11626172065734863,-5.510643005371094,0.0,-5.510643005371094
262,2,flopoco_00262_fpcomparator,base,0.18350839614868164,0.24177099764347076,-0.058262601494789124,3.27252197265625,0.0,3.27252197265625
263,1,flopoco_00263_fpadd,base,-0.7774996757507324,-0.7529169917106628,-0.02458268404006958,-18.50714874267578,-10.567351341247559,-7.939797401428223
264,5,flopoco_00264_fpsqrt,base,-1.1370348930358887,-1.776412010192871,0.6393771171569824,-15.902252197265625,-17.666364669799805,1.7641124725341797
265,4,flopoco_00265_fpconstdiv,base,-0.5349851250648499,-0.20436200499534607,-0.3306231200695038,-26.939247131347656,-1.1075739860534668,-25.83167266845703
266,3,flopoco_00266_fpcomparator,base,0.15473461151123047,0.12997199594974518,0.02476261556148529,2.7983474731445312,0.0,2.7983474731445312
267,2,flopoco_00267_fpconstdiv,base,-1.5386934280395508,-0.26580798625946045,-1.2728854417800903,-40.5421257019043,-1.0228530168533325,-39.51927185058594
268,1,flopoco_00268_fpmult,base,-1.8311240673065186,-1.621129035949707,-0.20999503135681152,-96.0943603515625,-54.75783157348633,-41.33652877807617
269,5,flopoco_00269_fpconstmult,base,-1.0433794260025024,-0.6252260208129883,-0.41815340518951416,-42.709800720214844,-11.814101219177246,-30.89569854736328
270,4,flopoco_00270_fpadd,base,-2.6198954582214355,-2.2295000553131104,-0.3903954029083252,-168.92178344726562,-138.50595092773438,-30.41583251953125
271,3,flopoco_00271_fpmult,base,-2.2147927284240723,-2.234844923019409,0.020052194595336914,-85.47505950927734,-70.31780242919922,-15.157257080078125
272,2,flopoco_00272_ieeefpfma,base,-0.8670770525932312,-0.8867480158805847,0.019670963287353516,-46.13968276977539,-30.1053409576416,-16.03434181213379
273,1,flopoco_00273_fpconstdiv,base,-1.3228294849395752,-3.3997650146484375,2.0769355297088623,-18.96124267578125,-98.70942687988281,79.74818420410156
274,5,flopoco_00274_fpconstmult,base,-1.3330706357955933,-1.4402559995651245,0.10718536376953125,-44.29735565185547,-56.01384735107422,11.71649169921875
275,4,flopoco_00275_fpconstdiv,base,-0.28174692392349243,0.023150000721216202,-0.30489692091941833,-31.757301330566406,0.0,-31.757301330566406
276,3,flopoco_00276_ieeefpfma,base,-1.659986972808838,-1.6328480243682861,-0.027138948440551758,-45.116336822509766,-81.94003295898438,36.82369613647461
277,2,flopoco_00277_fpconstmult,base,-0.6367621421813965,-1.7770459651947021,1.1402838230133057,-16.971649169921875,-110.74576568603516,93.77411651611328
278,1,flopoco_00278_fpsqrt,base,-0.8128748536109924,-1.2364000082015991,0.4235251545906067,-48.03227615356445,-15.505658149719238,-32.52661895751953
279,5,flopoco_00279_fpdiv,base,-2.2110040187835693,-2.3749148845672607,0.1639108657836914,-82.60938262939453,-83.82447814941406,1.2150955200195312
280,4,flopoco_00280_fpadd,base,-0.6314210295677185,-0.7529169917106628,0.12149596214294434,-21.54114532470703,-10.567351341247559,-10.973793983459473
281,3,flopoco_00281_fpconstmult,base,-1.147611379623413,-0.9777439832687378,-0.1698673963546753,-44.93265151977539,-42.27861022949219,-2.654041290283203
282,2,flopoco_00282_fpconstmult,base,-1.1552424430847168,0.36733800172805786,-1.5225803852081299,-23.425582885742188,0.0,-23.425582885742188
283,1,flopoco_00283_fpmult,base,-1.3785005807876587,-1.4246619939804077,0.04616141319274902,-30.49957275390625,-22.623876571655273,-7.875696182250977
284,5,flopoco_00284_fpadd,base,-0.9001991748809814,-0.8041149973869324,-0.09608417749404907,-45.84751892089844,-43.55936050415039,-2.288158416748047
285,4,flopoco_00285_fpmult,base,-2.73054575920105,-3.014842987060547,0.28429722785949707,-195.81881713867188,-188.8866729736328,-6.9321441650390625
286,3,flopoco_00286_fpconstmult,base,-0.871644914150238,-1.221021056175232,0.3493761420249939,-24.10205078125,-51.30605697631836,27.20400619506836
287,2,flopoco_00287_ieeefpfma,base,-1.6842622756958008,-1.468122959136963,-0.2161393165588379,-147.28016662597656,-205.63021850585938,58.35005187988281
288,1,flopoco_00288_ieeefpadd,base,-0.01744997501373291,-0.08630499988794327,0.06885502487421036,-3.8808212280273438,-1.3214149475097656,-2.559406280517578
289,5,flopoco_00289_fpcomparator,base,0.13713675737380981,0.15020999312400818,-0.013073235750198364,-0.13039398193359375,0.0,-0.13039398193359375
290,4,flopoco_00290_fpsqrt,base,-0.2900961637496948,-0.5536749958992004,0.2635788321495056,-31.872283935546875,-9.912233352661133,-21.960050582885742
291,3,flopoco_00291_fpsqrt,base,-0.24674773216247559,-0.18200600147247314,-0.06474173069000244,-35.136688232421875,-3.097327947616577,-32.03936004638672
292,2,flopoco_00292_fpmult,base,-2.237447738647461,-2.186316967010498,-0.05113077163696289,-154.98361206054688,-98.28980255126953,-56.693809509277344
293,1,flopoco_00293_fpsqrt,base,-3.2534337043762207,-3.486776113510132,0.23334240913391113,-291.8943786621094,-179.4929656982422,-112.40141296386719
294,5,flopoco_00294_fpdiv,base,0.42208486795425415,-0.34560999274253845,0.7676948308944702,82.68757629394531,-34.62672805786133,117.31430053710938
295,4,flopoco_00295_fpcomparator,base,0.11809027194976807,0.04464000090956688,0.07345026731491089,-5.3040008544921875,0.0,-5.3040008544921875
296,3,flopoco_00296_ieeefpadd,base,-0.558509886264801,-0.6911929845809937,0.13268309831619263,-25.362777709960938,-53.90239715576172,28.53961944580078
297,2,flopoco_00297_fpsqrt,base,-1.087258219718933,-2.1483590602874756,1.0611008405685425,-239.0974884033203,-295.2675476074219,56.17005920410156
298,1,flopoco_00298_fpconstmult,base,-0.9371721744537354,-0.9961109757423401,0.058938801288604736,-35.170982360839844,-43.190635681152344,8.0196533203125
299,5,flopoco_00299_fpcomparator,base,0.09970957040786743,0.15872199833393097,-0.05901242792606354,-0.05817413330078125,0.0,-0.05817413330078125
300,4,flopoco_00300_fpdiv,base,-0.6548769474029541,-0.7012689709663391,0.04639202356338501,-101.15277099609375,-33.323551177978516,-67.8292236328125
301,3,flopoco_00301_fpmult,base,-2.0566530227661133,-1.6820340156555176,-0.3746190071105957,-97.50568389892578,-156.03616333007812,58.530479431152344
302,2,flopoco_00302_fpconstdiv,base,-0.6274383664131165,-0.763064980506897,0.13562661409378052,-33.90993118286133,-7.172756195068359,-26.73717498779297
303,1,flopoco_00303_fpconstdiv,base,-4.416675567626953,-2.6277310848236084,-1.7889444828033447,-335.07928466796875,-134.7846221923828,-200.29466247558594
304,5,flopoco_00304_fpcomparator,base,0.16219085454940796,0.17087100446224213,-0.008680149912834167,1.3230667114257812,0.0,1.3230667114257812
305,4,flopoco_00305_fpmult,base,-2.76485538482666,-2.4972660541534424,-0.2675893306732178,-204.14111328125,-289.69232177734375,85.55120849609375
306,3,flopoco_00306_fpcomparator,base,0.12716341018676758,0.15745599567890167,-0.030292585492134094,5.622993469238281,0.0,5.622993469238281
307,2,flopoco_00307_fpadd,base,-0.5892819166183472,-0.6509649753570557,0.061683058738708496,-23.711997985839844,-11.076163291931152,-12.635834693908691
308,1,flopoco_00308_fpconstmult,base,-0.5577733516693115,-0.2470329999923706,-0.3107403516769409,-23.266799926757812,-4.374575138092041,-18.89222526550293
309,5,flopoco_00309_fpconstmult,base,-0.7193390130996704,-1.046090006828308,0.3267509937286377,-13.922489166259766,-20.270435333251953,6.3479461669921875
310,4,flopoco_00310_fpsqrt,base,-1.1811450719833374,-1.502079963684082,0.32093489170074463,-131.3963623046875,-213.6283721923828,82.23200988769531
311,3,flopoco_00311_fpcomparator,base,0.15763187408447266,0.17087100446224213,-0.01323913037776947,-4.2740020751953125,0.0,-4.2740020751953125
312,2,flopoco_00312_fpcomparator,base,0.26554977893829346,0.24142299592494965,0.02412678301334381,3.2192535400390625,0.0,3.2192535400390625
313,1,flopoco_00313_fpmult,base,-1.3785005807876587,-1.4246619939804077,0.04616141319274902,-30.49957275390625,-22.623876571655273,-7.875696182250977
314,5,flopoco_00314_fpconstdiv,base,-1.6127102375030518,-1.2421239614486694,-0.3705862760543823,-43.335304260253906,-34.595760345458984,-8.739543914794922
315,4,flopoco_00315_fpcomparator,base,0.1634209156036377,0.1427990049123764,0.02062191069126129,-0.5026473999023438,0.0,-0.5026473999023438
316,3,flopoco_00316_fpadd,base,-1.1054774522781372,-1.2379850149154663,0.1325075626373291,-103.11576843261719,-81.2425308227539,-21.87323760986328
317,2,flopoco_00317_fpconstdiv,base,-1.3846255540847778,-1.16519296169281,-0.21943259239196777,-34.054954528808594,-35.83271026611328,1.7777557373046875
318,1,flopoco_00318_fpadd,base,-0.44916272163391113,0.03265700116753578,-0.4818197190761566,-13.18798828125,0.0,-13.18798828125
319,5,flopoco_00319_fpconstdiv,base,-1.1620205640792847,-0.8919979929924011,-0.27002257108688354,-43.254066467285156,-18.542110443115234,-24.711956024169922
320,4,flopoco_00320_fpadd,base,-1.6410003900527954,-1.8425710201263428,0.20157063007354736,-65.97686004638672,-71.03334045410156,5.056480407714844
321,3,flopoco_00321_fpsqrt,base,-0.19579565525054932,-0.7505210041999817,0.5547253489494324,-13.361183166503906,-8.54633903503418,-4.814844131469727
322,2,flopoco_00322_fpconstmult,base,-0.568391740322113,-0.8522189855575562,0.2838272452354431,-12.498664855957031,-35.0936164855957,22.594951629638672
323,1,flopoco_00323_fpmult,base,-2.2992238998413086,-2.234844923019409,-0.06437897682189941,-97.73480224609375,-70.31780242919922,-27.41699981689453
324,5,flopoco_00324_fpconstdiv,base,-0.5493444800376892,-1.0416309833526611,0.4922865033149719,-59.062801361083984,-101.9325942993164,42.86979293823242
325,4,flopoco_00325_fpmult,base,-2.3406460285186768,-2.3234450817108154,-0.017200946807861328,-139.5176239013672,-105.40409851074219,-34.113525390625
326,3,flopoco_00326_fpmult,base,-1.4590518474578857,-1.4246619939804077,-0.03438985347747803,-24.583877563476562,-22.623876571655273,-1.960000991821289
327,2,flopoco_00327_fpadd,base,-1.1078935861587524,-0.7710180282592773,-0.3368755578994751,-46.36409378051758,-12.39645004272461,-33.96764373779297
328,1,flopoco_00328_fpdiv,base,-2.6051034927368164,-2.564924955368042,-0.040178537368774414,-226.00645446777344,-120.40335845947266,-105.60309600830078
329,5,flopoco_00329_fpconstdiv,base,-0.7051276564598083,-0.8254330158233643,0.12030535936355591,-4.27935791015625,-7.8023200035095215,3.5229620933532715
330,4,flopoco_00330_fpconstdiv,base,-0.7326931953430176,-0.4792320132255554,-0.25346118211746216,-47.01909637451172,-19.430574417114258,-27.58852195739746
331,3,flopoco_00331_fpconstdiv,base,-0.48003584146499634,-0.6134849786758423,0.13344913721084595,-6.369842529296875,-5.3594489097595215,-1.0103936195373535
332,2,flopoco_00332_fpadd,base,-0.5915839672088623,-0.27000200748443604,-0.32158195972442627,-19.994735717773438,-3.356353998184204,-16.638381958007812
333,1,flopoco_00333_fpsqrt,base,-2.0964550971984863,-1.6956150531768799,-0.40084004402160645,-272.263427734375,-192.72256469726562,-79.54086303710938
334,5,flopoco_00334_fpcomparator,base,0.24420911073684692,0.24177099764347076,0.0024381130933761597,5.2660675048828125,0.0,5.2660675048828125
335,4,flopoco_00335_fpconstmult,base,-0.9012963771820068,-0.4829849898815155,-0.41831138730049133,-43.753116607666016,-22.582399368286133,-21.170717239379883
336,3,flopoco_00336_fpadd,base,-1.511282205581665,-2.3647079467773438,0.8534257411956787,-119.92821502685547,-144.2676239013672,24.33940887451172
337,2,flopoco_00337_fpsqrt,base,-1.0850087404251099,-0.4935699999332428,-0.5914387702941895,-128.6846466064453,-31.361055374145508,-97.32359313964844
338,1,flopoco_00338_fpconstdiv,base,-1.2728503942489624,-0.8919979929924011,-0.3808524012565613,-38.55553436279297,-18.542110443115234,-20.013423919677734
339,5,flopoco_00339_fpsqrt,base,-0.530584990978241,-0.17507900297641754,-0.3555060029029846,-10.196525573730469,-1.1307929754257202,-9.065732955932617
340,4,flopoco_00340_fpconstdiv,base,-1.464794635772705,-1.7280149459838867,0.26322031021118164,-42.4022102355957,-28.264917373657227,-14.137292861938477
341,3,flopoco_00341_fpcomparator,base,0.09813177585601807,0.15538200736045837,-0.05725023150444031,7.1488189697265625,0.0,7.1488189697265625
342,2,flopoco_00342_fpcomparator,base,0.16785097122192383,0.14083899557590485,0.027011975646018982,4.3567962646484375,0.0,4.3567962646484375
343,1,flopoco_00343_fpsqrt,base,-1.4744257926940918,-0.7197859883308411,-0.7546398043632507,-287.14105224609375,-2.2106900215148926,-284.93035888671875
344,5,flopoco_00344_fpconstdiv,base,-1.7465040683746338,-3.2394890785217285,1.4929850101470947,-48.723838806152344,-87.26737213134766,38.54353332519531
345,4,flopoco_00345_fpconstdiv,base,-0.24087393283843994,0.07971300184726715,-0.3205869197845459,-24.86053466796875,0.0,-24.86053466796875
346,3,flopoco_00346_fpcomparator,base,0.2148829698562622,0.26197099685668945,-0.047088027000427246,-4.447685241699219,0.0,-4.447685241699219
347,2,flopoco_00347_fpdiv,base,-4.217909336090088,-5.442580223083496,1.2246708869934082,-108.32058715820312,-173.21937561035156,64.89878845214844
348,1,flopoco_00348_fpadd,base,-0.3069401979446411,0.06419099867343903,-0.37113118171691895,-11.023521423339844,0.0,-11.023521423339844
349,5,flopoco_00349_fpadd,base,-0.19216078519821167,-0.15327100455760956,-0.03888978064060211,-14.923694610595703,-1.2657760381698608,-13.657918930053711
350,4,flopoco_00350_fpcomparator,base,0.15276992321014404,0.17087100446224213,-0.018101081252098083,-7.0587615966796875,0.0,-7.0587615966796875
351,3,flopoco_00351_fpconstdiv,base,-1.4754582643508911,-0.9295229911804199,-0.5459352731704712,-27.59325408935547,-9.825651168823242,-17.767602920532227
352,2,flopoco_00352_fpconstmult,base,-1.3833880424499512,-1.411044955253601,0.027656912803649902,-44.47725296020508,-61.52803039550781,17.050777435302734
353,1,flopoco_00353_fpcomparator,base,0.11183822154998779,0.24075399339199066,-0.12891577184200287,5.89947509765625,0.0,5.89947509765625
354,5,flopoco_00354_fpconstdiv,base,-0.39959216117858887,-0.15235400199890137,-0.2472381591796875,-2.7010955810546875,-0.8241580128669739,-1.8769376277923584
355,4,flopoco_00355_fpcomparator,base,0.20501196384429932,0.20499299466609955,1.8969178199768066e-05,1.3704605102539062,0.0,1.3704605102539062
356,3,flopoco_00356_fpsqrt,base,-0.614822506904602,-0.38032200932502747,-0.23450049757957458,-57.59914779663086,-32.35304641723633,-25.24610137939453
357,2,flopoco_00357_fpconstdiv,base,-1.022033929824829,-0.6134849786758423,-0.4085489511489868,-45.171974182128906,-5.3594489097595215,-39.81252670288086
358,1,flopoco_00358_fpconstdiv,base,-0.3423280119895935,-0.37755298614501953,0.035224974155426025,-2.21124267578125,-1.8359620571136475,-0.37528061866760254
359,5,flopoco_00359_fpadd,base,-0.8667827248573303,-0.4302079975605011,-0.4365747272968292,-93.86444854736328,-34.68806457519531,-59.17638397216797
360,4,flopoco_00360_fpconstmult,base,-0.8601471185684204,-0.8649839758872986,0.004836857318878174,-54.5816650390625,-65.13206481933594,10.550399780273438
361,3,flopoco_00361_fpmult,base,-2.534989833831787,-2.579617977142334,0.044628143310546875,-99.17698669433594,-99.73782348632812,0.5608367919921875
362,2,flopoco_00362_fpconstmult,base,-0.8876940011978149,-0.8609830141067505,-0.026710987091064453,-35.09185791015625,-14.71009635925293,-20.38176155090332
363,1,flopoco_00363_fpcomparator,base,0.15881359577178955,0.03991200029850006,0.11890159547328949,7.345893859863281,0.0,7.345893859863281
364,5,flopoco_00364_fpsqrt,base,-0.13967591524124146,-0.014209999702870846,-0.12546591460704803,-8.788169860839844,-0.05802199989557266,-8.730148315429688
365,4,flopoco_00365_fpcomparator,base,0.1743837594985962,0.10716400295495987,0.06721975654363632,-2.69061279296875,0.0,-2.69061279296875
366,3,flopoco_00366_ieeefpadd,base,-0.14898443222045898,-0.19871200621128082,0.04972757399082184,-16.35021209716797,-6.00015115737915,-10.350061416625977
367,2,flopoco_00367_fpcomparator,base,0.09476602077484131,0.28917399048805237,-0.19440796971321106,-20.28968048095703,0.0,-20.28968048095703
368,1,flopoco_00368_fpconstdiv,base,-0.27630019187927246,-0.04304200038313866,-0.2332581877708435,-16.997962951660156,-0.12733300030231476,-16.870630264282227
369,5,flopoco_00369_fpmult,base,-2.5736050605773926,-2.847136974334717,0.2735319137573242,-100.24414825439453,-126.94425964355469,26.700111389160156
370,4,flopoco_00370_fpdiv,base,-1.8840641975402832,-2.680850028991699,0.796785831451416,-80.03511047363281,-70.06336212158203,-9.971748352050781
371,3,flopoco_00371_fpdiv,base,-1.27027428150177,-2.2917909622192383,1.0215166807174683,-104.67311096191406,-66.03795623779297,-38.635154724121094
372,2,flopoco_00372_fpcomparator,base,0.08381021022796631,0.05867199972271919,0.025138210505247116,-20.10333251953125,0.0,-20.10333251953125
373,1,flopoco_00373_fpconstmult,base,-0.15759479999542236,-0.1958180069923401,0.038223206996917725,-1.2301177978515625,-2.592823028564453,1.3627052307128906
374,5,flopoco_00374_fpdiv,base,-5.825144290924072,-2.1021111011505127,-3.7230331897735596,-2093.550048828125,-436.9447021484375,-1656.6053466796875
375,4,flopoco_00375_fpconstmult,base,-0.9634508490562439,-0.5624250173568726,-0.40102583169937134,-43.9709587097168,-13.693940162658691,-30.277019500732422
376,3,flopoco_00376_fpmult,base,-1.1540069580078125,-1.1629899740219116,0.008983016014099121,-29.944168090820312,-18.043092727661133,-11.90107536315918
377,2,flopoco_00377_fpconstdiv,base,-0.6274383664131165,-0.763064980506897,0.13562661409378052,-33.90993118286133,-7.172756195068359,-26.73717498779297
378,1,flopoco_00378_fpadd,base,-0.7917445302009583,-0.5127620100975037,-0.2789825201034546,-49.97895812988281,-22.077064514160156,-27.901893615722656
379,5,flopoco_00379_fpconstdiv,base,-1.3698804378509521,-1.8891279697418213,0.5192475318908691,-45.29551696777344,-54.08403778076172,8.788520812988281
380,4,flopoco_00380_ieeefpfma,base,-1.5013974905014038,-1.4561009407043457,-0.045296549797058105,-369.3351745605469,-265.3490905761719,-103.986083984375
381,3,flopoco_00381_fpmult,base,-0.6663398742675781,-2.3878231048583984,1.7214832305908203,-32.246337890625,-92.6413345336914,60.394996643066406
382,2,flopoco_00382_fpdiv,base,-0.8863358497619629,-0.6279109716415405,-0.25842487812042236,-205.70736694335938,-77.28269958496094,-128.42466735839844
383,1,flopoco_00383_fpconstmult,base,-2.0691123008728027,-2.014961004257202,-0.054151296615600586,-99.34716796875,-125.30357360839844,25.956405639648438
384,5,flopoco_00384_fpconstdiv,base,-0.6284013986587524,-0.6187019944190979,-0.009699404239654541,-30.237842559814453,-17.896814346313477,-12.341028213500977
385,4,flopoco_00385_fpconstdiv,base,-1.4996685981750488,-1.8891279697418213,0.38945937156677246,-32.39188003540039,-54.08403778076172,21.692157745361328
386,3,flopoco_00386_fpconstdiv,base,-0.4887627959251404,-0.3840090036392212,-0.10475379228591919,7.0988616943359375,-2.4694409370422363,9.568302154541016
387,2,flopoco_00387_fpconstdiv,base,-0.12669193744659424,-0.37755298614501953,0.2508610486984253,-5.979248046875,-1.8359620571136475,-4.143285751342773
388,1,flopoco_00388_fpconstmult,base,-0.3317185640335083,-0.47624799609184265,0.14452943205833435,-0.1099090576171875,-8.908928871154785,8.799019813537598
389,5,flopoco_00389_fpadd,base,-0.6254470348358154,-0.3280409872531891,-0.29740604758262634,-32.08927536010742,-7.440752983093262,-24.648521423339844
390,4,flopoco_00390_fpcomparator,base,0.12050557136535645,0.14083899557590485,-0.0203334242105484,-5.0152130126953125,0.0,-5.0152130126953125
391,3,flopoco_00391_fpconstmult,base,-0.39076077938079834,0.3822900056838989,-0.7730507850646973,-9.622482299804688,0.0,-9.622482299804688
392,2,flopoco_00392_fpcomparator,base,0.15649521350860596,0.2072719931602478,-0.050776779651641846,-22.045059204101562,0.0,-22.045059204101562
393,1,flopoco_00393_fpdiv,base,-1.648505687713623,-1.5526310205459595,-0.09587466716766357,-265.72186279296875,-209.67591857910156,-56.04594421386719
394,5,flopoco_00394_fpconstmult,base,-0.16873151063919067,-0.43605199456214905,0.2673204839229584,-4.4068603515625,-6.606400966644287,2.199540615081787
395,4,flopoco_00395_fpdiv,base,-1.182206630706787,-0.34125998616218567,-0.8409466743469238,-95.38967895507812,-20.242919921875,-75.14675903320312
396,3,flopoco_00396_fpadd,base,-1.660838007926941,-1.661571979522705,0.0007339715957641602,-141.57676696777344,-188.98448181152344,47.40771484375
397,2,flopoco_00397_fpcomparator,base,0.10781145095825195,0.07157500088214874,0.03623645007610321,1.1841812133789062,0.0,1.1841812133789062
398,1,flopoco_00398_fpmult,base,-1.3223628997802734,-1.1629899740219116,-0.15937292575836182,-35.03084945678711,-18.043092727661133,-16.987756729125977
399,5,flopoco_00399_fpcomparator,base,0.27843552827835083,0.36139899492263794,-0.08296346664428711,4.95184326171875,0.0,4.95184326171875
400,4,flopoco_00400_fpmult,base,-1.6901884078979492,-1.4329169988632202,-0.257271409034729,-47.570980072021484,-22.989160537719727,-24.581819534301758
401,3,flopoco_00401_fpmult,base,-1.76119065284729,-2.0211880207061768,0.2599973678588867,-102.61813354492188,-63.2621955871582,-39.35593795776367
402,2,flopoco_00402_fpcomparator,base,0.09320318698883057,0.24142299592494965,-0.14821980893611908,-18.338035583496094,0.0,-18.338035583496094
403,1,flopoco_00403_fpsqrt,base,-1.4566893577575684,-2.0337419509887695,0.5770525932312012,-108.41105651855469,-152.2692108154297,43.858154296875
404,5,flopoco_00404_fpconstmult,base,-0.927386462688446,-0.31277400255203247,-0.6146124601364136,-48.43976593017578,-9.884532928466797,-38.555233001708984
405,4,flopoco_00405_fpconstdiv,base,-1.0218749046325684,-1.6319539546966553,0.6100790500640869,-41.1971321105957,-27.247661590576172,-13.949470520019531
406,3,flopoco_00406_fpconstmult,base,-0.7856134176254272,-0.655663013458252,-0.1299504041671753,-45.01879119873047,-20.18262481689453,-24.836166381835938
407,2,flopoco_00407_fpsqrt,base,-2.8185336589813232,-3.312027931213379,0.49349427223205566,-199.470458984375,-239.76983642578125,40.29937744140625
408,1,flopoco_00408_fpconstmult,base,-0.025413036346435547,-1.3986999988555908,1.3732869625091553,-7.270484924316406,-86.61063385009766,79.34014892578125
409,5,flopoco_00409_fpsqrt,base,-1.9471250772476196,-1.3438489437103271,-0.6032761335372925,-133.95848083496094,-54.83039855957031,-79.12808227539062
410,4,flopoco_00410_fpmult,base,-1.052927851676941,-0.759103000164032,-0.29382485151290894,-44.16459655761719,-13.817349433898926,-30.347248077392578
411,3,flopoco_00411_fpmult,base,-2.320202589035034,-2.0328879356384277,-0.28731465339660645,-102.29542541503906,-79.65170288085938,-22.643722534179688
412,2,flopoco_00412_fpsqrt,base,-1.290650486946106,-2.040714979171753,0.750064492225647,-84.09892272949219,-125.46003723144531,41.361114501953125
413,1,flopoco_00413_fpmult,base,-2.5801031589508057,-2.7922561168670654,0.21215295791625977,-166.91830444335938,-124.26914978027344,-42.64915466308594
414,5,flopoco_00414_ieeefpfma,base,-1.615380048751831,-1.692410945892334,0.07703089714050293,-63.87690734863281,-96.80048370361328,32.92357635498047
415,4,flopoco_00415_fpsqrt,base,-0.4345056414604187,-0.5561100244522095,0.12160438299179077,-39.27924346923828,-13.129356384277344,-26.149887084960938
416,3,flopoco_00416_fpdiv,base,-2.0353288650512695,-2.200392007827759,0.16506314277648926,-1208.810546875,-1379.7193603515625,170.9088134765625
417,2,flopoco_00417_fpmult,base,-1.161169409751892,-1.0151530504226685,-0.14601635932922363,-24.88964080810547,-15.610464096069336,-9.279176712036133
418,1,flopoco_00418_fpcomparator,base,0.11178481578826904,0.04464000090956688,0.06714481115341187,1.6868209838867188,0.0,1.6868209838867188
419,5,flopoco_00419_fpadd,base,-0.2361849546432495,-0.3280409872531891,0.09185603260993958,-9.207427978515625,-7.440752983093262,-1.7666749954223633
420,4,flopoco_00420_fpconstdiv,base,-1.8918646574020386,-1.5076919794082642,-0.3841726779937744,-125.28361511230469,-178.50938415527344,53.22576904296875
421,3,flopoco_00421_fpcomparator,base,0.15473461151123047,0.12997199594974518,0.02476261556148529,2.7983474731445312,0.0,2.7983474731445312
422,2,flopoco_00422_fpconstmult,base,-0.18995803594589233,-0.4789530038833618,0.2889949679374695,-10.024368286132812,-8.265897750854492,-1.7584705352783203
423,1,flopoco_00423_fpconstmult,base,-0.9472836256027222,-0.8938220143318176,-0.05346161127090454,-36.735069274902344,-27.116535186767578,-9.618534088134766
424,5,flopoco_00424_fpcomparator,base,0.10052984952926636,0.05867199972271919,0.041857849806547165,1.1673431396484375,0.0,1.1673431396484375
425,4,flopoco_00425_fpmult,base,-1.594099998474121,-1.348695993423462,-0.24540400505065918,-45.402957916259766,-21.511817932128906,-23.89113998413086
426,3,flopoco_00426_fpsqrt,base,-0.7160413265228271,-0.8942040205001831,0.17816269397735596,-27.6539306640625,-6.1548309326171875,-21.499099731445312
427,2,flopoco_00427_fpmult,base,-2.869913101196289,-2.1828980445861816,-0.6870150566101074,-194.06478881835938,-185.38966369628906,-8.675125122070312
428,1,flopoco_00428_fpconstdiv,base,-0.36638063192367554,-0.18320199847221375,-0.1831786334514618,-11.69207763671875,-1.0440130233764648,-10.648064613342285
429,5,flopoco_00429_ieeefpadd,base,-0.1853947639465332,-0.2838880121707916,0.09849324822425842,-5.120574951171875,-4.742660999298096,-0.3779139518737793
430,4,flopoco_00430_fpconstdiv,base,-0.5203464031219482,-0.7049480080604553,0.18460160493850708,-32.38338088989258,-4.665126800537109,-27.71825408935547
431,3,flopoco_00431_fpdiv,base,-1.0654151439666748,-1.2535810470581055,0.18816590309143066,-459.78778076171875,-322.4391784667969,-137.34860229492188
432,2,flopoco_00432_ieeefpadd,base,-0.6520995497703552,-0.9900509715080261,0.3379514217376709,-43.453792572021484,-50.927642822265625,7.473850250244141
433,1,flopoco_00433_fpconstdiv,base,-0.2615819573402405,-0.20548999309539795,-0.05609196424484253,-20.157150268554688,-1.934401035308838,-18.222749710083008
434,5,flopoco_00434_fpconstmult,base,-0.9649354815483093,-1.0227370262145996,0.05780154466629028,-26.37887954711914,-31.524166107177734,5.145286560058594
435,4,flopoco_00435_fpadd,base,-1.1004271507263184,-1.1443500518798828,0.04392290115356445,-37.36322784423828,-33.64951705932617,-3.7137107849121094
436,3,flopoco_00436_fpadd,base,-0.4931532144546509,-0.3969869911670685,-0.0961662232875824,-118.66045379638672,-48.178802490234375,-70.48165130615234
437,2,flopoco_00437_fpconstmult,base,-1.0905572175979614,-1.174731969833374,0.0841747522354126,-36.34053039550781,-35.331722259521484,-1.0088081359863281
438,1,flopoco_00438_fpconstdiv,base,-0.6884746551513672,-0.43394699692726135,-0.25452765822410583,-24.64678955078125,-4.28631591796875,-20.3604736328125
439,5,flopoco_00439_fpdiv,base,-2.968242883682251,-2.773305892944336,-0.19493699073791504,-370.7110900878906,-319.1457214355469,-51.56536865234375
440,4,flopoco_00440_fpcomparator,base,0.22866904735565186,0.24075399339199066,-0.012084946036338806,1.41729736328125,0.0,1.41729736328125
441,3,flopoco_00441_fpconstdiv,base,-0.7470527291297913,-1.0679420232772827,0.32088929414749146,9.57806396484375,-11.562457084655762,21.140522003173828
442,2,flopoco_00442_fpconstmult,base,-0.3206654191017151,-0.48416900634765625,0.16350358724594116,-12.852119445800781,-8.75355339050293,-4.098566055297852
443,1,flopoco_00443_fpconstmult,base,-0.7740042209625244,-0.9983900189399719,0.2243857979774475,-23.30744171142578,-19.0118408203125,-4.295600891113281
444,5,flopoco_00444_fpconstmult,base,-0.26938891410827637,-0.6152960062026978,0.3459070920944214,-5.6338653564453125,-9.374093055725098,3.740227699279785
445,4,flopoco_00445_fpmult,base,-2.2101030349731445,-2.4712440967559814,0.2611410617828369,-155.02391052246094,-94.48973083496094,-60.5341796875
446,3,flopoco_00446_fpdiv,base,-0.7859258651733398,-0.4489299952983856,-0.3369958698749542,-180.01756286621094,-60.669883728027344,-119.3476791381836
447,2,flopoco_00447_fpcomparator,base,0.13398313522338867,0.16011600196361542,-0.026132866740226746,5.001228332519531,0.0,5.001228332519531
448,1,flopoco_00448_fpconstdiv,base,-0.8039068579673767,-1.0416309833526611,0.23772412538528442,-58.27714538574219,-101.9325942993164,43.65544891357422
449,5,flopoco_00449_fpsqrt,base,-2.0308854579925537,-1.3457770347595215,-0.6851084232330322,-133.09393310546875,-78.24361419677734,-54.850318908691406
450,4,flopoco_00450_fpcomparator,base,0.20501196384429932,0.04464000090956688,0.16037195920944214,1.3704605102539062,0.0,1.3704605102539062
451,3,flopoco_00451_fpmult,base,-2.1864826679229736,-1.537796974182129,-0.6486856937408447,-101.9150619506836,-69.18189239501953,-32.73316955566406
452,2,flopoco_00452_fpcomparator,base,0.19252657890319824,0.12997199594974518,0.06255458295345306,3.5654373168945312,0.0,3.5654373168945312
453,1,flopoco_00453_fpconstdiv,base,-1.7471742630004883,-2.007965087890625,0.2607908248901367,-96.13261413574219,-100.40142822265625,4.2688140869140625
454,5,flopoco_00454_fpsqrt,base,-2.554860830307007,-3.036073923110962,0.4812130928039551,-461.5366516113281,-620.5195922851562,158.98294067382812
455,4,flopoco_00455_fpdiv,base,-1.7811652421951294,-0.978630006313324,-0.8025352358818054,-113.84954071044922,-38.44282150268555,-75.40672302246094
456,3,flopoco_00457_fpconstmult,base,-0.5005037188529968,-0.47349101305007935,-0.02701270580291748,-8.763557434082031,-7.225146770477295,-1.5384106636047363
457,2,flopoco_00458_fpconstmult,base,-0.5402478575706482,0.40393200516700745,-0.944179892539978,-0.8909454345703125,0.0,-0.8909454345703125
458,1,flopoco_00459_fpmult,base,-2.221071243286133,-2.186316967010498,-0.034754276275634766,-176.8632049560547,-98.28980255126953,-78.57340240478516
459,5,flopoco_00460_fpconstdiv,base,-1.0323874950408936,-1.7587800025939941,0.7263925075531006,-49.323265075683594,-120.61576843261719,71.2925033569336
460,4,flopoco_00461_fpconstmult,base,-0.6782941818237305,-0.3267419934272766,-0.35155218839645386,-36.18903350830078,-4.955733776092529,-31.233299255371094
461,3,flopoco_00462_fpadd,base,-0.5246560573577881,-0.1994370073080063,-0.3252190351486206,-46.59769821166992,-13.517109870910645,-33.080589294433594
462,2,flopoco_00463_fpadd,base,-0.849373996257782,-1.10732102394104,0.25794702768325806,-16.43531036376953,-18.24468994140625,1.8093795776367188
463,1,flopoco_00464_fpcomparator,base,0.17776834964752197,0.06300300359725952,0.11476534605026245,2.3349075317382812,0.0,2.3349075317382812
464,5,flopoco_00465_fpconstmult,base,-1.1355454921722412,-1.1526579856872559,0.01711249351501465,-29.49353790283203,-36.020137786865234,6.526599884033203
465,4,flopoco_00466_fpconstmult,base,-0.1738463044166565,0.3494569957256317,-0.5233032703399658,-12.238471984863281,0.0,-12.238471984863281
466,3,flopoco_00467_fpconstmult,base,-0.7542941570281982,-1.0227370262145996,0.26844286918640137,-50.344078063964844,-31.524166107177734,-18.81991195678711
467,2,flopoco_00468_fpmult,base,-2.0291860103607178,-2.3878231048583984,0.35863709449768066,-124.11886596679688,-92.6413345336914,-31.47753143310547
468,1,flopoco_00469_fpconstmult,base,-0.9648382663726807,-0.6851760149002075,-0.27966225147247314,-47.036624908447266,-39.512088775634766,-7.5245361328125
469,5,flopoco_00470_fpmult,base,-3.046038866043091,-3.5085999965667725,0.46256113052368164,-180.84640502929688,-215.76727294921875,34.920867919921875
470,4,flopoco_00471_fpconstdiv,base,-2.483760356903076,-0.43394699692726135,-2.0498132705688477,-117.26313781738281,-4.28631591796875,-112.97682189941406
471,3,flopoco_00472_fpmult,base,-2.4726319313049316,-3.486051082611084,1.0134191513061523,-202.59886169433594,-216.5516815185547,13.95281982421875
472,2,flopoco_00473_fpcomparator,base,0.15616774559020996,0.12997199594974518,0.026195749640464783,3.9503402709960938,0.0,3.9503402709960938
473,1,flopoco_00474_fpcomparator,base,0.19444608688354492,0.16539700329303741,0.029049083590507507,6.4944305419921875,0.0,6.4944305419921875
474,5,flopoco_00475_fpconstmult,base,-0.7588486671447754,-0.737492024898529,-0.021356642246246338,-37.27788162231445,-11.44559383392334,-25.832286834716797
475,4,flopoco_00476_fpconstdiv,base,-0.9748236536979675,-0.809257984161377,-0.16556566953659058,-24.25591278076172,-17.491029739379883,-6.764883041381836
476,3,flopoco_00477_fpconstmult,base,-0.9943405985832214,-1.260578989982605,0.26623839139938354,-38.67450714111328,-57.66581726074219,18.991310119628906
477,2,flopoco_00478_fpmult,base,-1.5810377597808838,-1.4329169988632202,-0.14812076091766357,-36.0311393737793,-22.989160537719727,-13.04197883605957
478,1,flopoco_00479_fpcomparator,base,0.1122056245803833,0.17690199613571167,-0.06469637155532837,6.572990417480469,0.0,6.572990417480469
479,5,flopoco_00480_fpmult,base,-1.5276752710342407,-2.905179023742676,1.377503752708435,-30.780406951904297,-113.69568634033203,82.915283203125
480,4,flopoco_00481_fpsqrt,base,-0.8209350109100342,-0.9655590057373047,0.1446239948272705,-512.7953491210938,-267.0928039550781,-245.70254516601562
481,3,flopoco_00482_fpcomparator,base,0.2210932970046997,0.24075399339199066,-0.019660696387290955,-2.6984786987304688,0.0,-2.6984786987304688
482,2,flopoco_00483_fpmult,base,-2.8786494731903076,-2.207926034927368,-0.6707234382629395,-191.46929931640625,-179.33302307128906,-12.136276245117188
483,1,flopoco_00484_fpmult,base,-3.300893783569336,-3.4529120922088623,0.15201830863952637,-206.38580322265625,-212.9595184326172,6.5737152099609375
484,5,flopoco_00485_fpdiv,base,-0.7768388986587524,-1.5593440532684326,0.7825051546096802,-26.562236785888672,-45.33064651489258,18.768409729003906
485,4,flopoco_00486_fpadd,base,-0.805625319480896,-0.3573859930038452,-0.4482393264770508,-25.0394287109375,-6.718692779541016,-18.320735931396484
486,3,flopoco_00487_fpadd,base,-0.8722774982452393,-0.7280719876289368,-0.1442055106163025,-80.98831939697266,-46.73155975341797,-34.25675964355469
487,2,flopoco_00488_fpconstdiv,base,-0.9807804226875305,-2.007965087890625,1.0271847248077393,-41.680633544921875,-100.40142822265625,58.720794677734375
488,1,flopoco_00489_fpcomparator,base,0.1688675880432129,0.15020999312400818,0.018657594919204712,-0.8658447265625,0.0,-0.8658447265625
489,5,flopoco_00490_fpcomparator,base,0.1271178126335144,0.04464000090956688,0.08247780799865723,2.6957015991210938,0.0,2.6957015991210938
490,4,flopoco_00491_fpadd,base,-1.0350451469421387,-1.1872739791870117,0.15222883224487305,-22.363800048828125,-20.992023468017578,-1.3717765808105469
491,3,flopoco_00492_fpsqrt,base,-0.1665886640548706,-0.14762000739574432,-0.018968656659126282,-24.46056365966797,-1.9853819608688354,-22.475181579589844
492,2,flopoco_00493_fpconstmult,base,-1.0264780521392822,-0.992264986038208,-0.03421306610107422,-30.556419372558594,-45.82340621948242,15.266986846923828
493,1,flopoco_00494_fpconstmult,base,-0.26489394903182983,-0.3516579866409302,0.08676403760910034,-0.891632080078125,-5.642622947692871,4.750990867614746
494,5,flopoco_00495_fpconstdiv,base,-0.9085375666618347,-1.159332036972046,0.2507944703102112,-32.87921905517578,-51.434791564941406,18.555572509765625
495,4,flopoco_00496_fpcomparator,base,0.22866904735565186,0.24075399339199066,-0.012084946036338806,1.41729736328125,0.0,1.41729736328125
496,3,flopoco_00497_fpconstmult,base,-0.49627143144607544,-0.9284350275993347,0.4321635961532593,-31.22766876220703,-36.02678298950195,4.799114227294922
497,2,flopoco_00498_fpmult,base,-1.609109878540039,-1.440546989440918,-0.1685628890991211,-37.130313873291016,-25.165691375732422,-11.964622497558594
498,1,flopoco_00499_fpconstmult,base,-0.3141433000564575,-0.3692750036716461,0.0551317036151886,-18.120712280273438,-5.852682113647461,-12.268030166625977
