design_name,fold,target,design_rows,r2,mae,rmse,true_min,true_max,true_mean,pred_mean,mean_error
s1423a,3,total_negative_slack_ns,192,-359.8453369140625,0.3870629370212555,0.38908982276916504,-0.13133099675178528,-0.06387799978256226,-0.08588534593582153,0.30117759108543396,0.3870629370212555
s1423,4,total_negative_slack_ns,192,-357.2557373046875,0.4234369695186615,0.4268546402454376,-0.12927299737930298,-0.06098499894142151,-0.08553525060415268,0.3379017114639282,0.4234369695186615
s838,5,total_negative_slack_ns,192,-288.6229553222656,0.5172997117042542,0.5196754932403564,-0.12989799678325653,-0.014817999675869942,-0.059370141476392746,-0.5766698718070984,-0.5172997117042542
s27,4,total_negative_slack_ns,192,-138.1578369140625,0.7141565680503845,0.7161397933959961,-0.1602260023355484,-0.009356999769806862,-0.05707424879074097,-0.7712306976318359,-0.7141565680503845
s13207,1,total_negative_slack_ns,192,-20.211339950561523,0.12202649563550949,0.1321515440940857,-0.1092969998717308,-0.009139999747276306,-0.04741794988512993,0.07460854202508926,0.12202649563550949
sasc,5,total_negative_slack_ns,192,-13.63162612915039,1.0179482698440552,1.0486845970153809,-0.8929039835929871,-0.014287999831140041,-0.31401774287223816,-1.3319660425186157,-1.0179482698440552
s820,4,total_negative_slack_ns,192,-12.37828254699707,0.38113248348236084,0.38930317759513855,-0.4205459952354431,-0.011938000097870827,-0.12029977887868881,-0.5014322400093079,-0.38113248348236084
s820a,3,total_negative_slack_ns,192,-8.136284828186035,0.3124925196170807,0.32171592116355896,-0.4205459952354431,-0.011938000097870827,-0.12029977887868881,-0.4327922761440277,-0.3124925196170807
i2c,2,total_negative_slack_ns,192,-6.231005668640137,2.9569509029388428,3.180399179458618,-3.937537908554077,-0.13646300137043,-1.420336127281189,1.5366148948669434,2.9569509029388428
s15850a,5,total_negative_slack_ns,192,-5.827679634094238,0.285684198141098,0.30468660593032837,-0.6054199934005737,-0.11545100063085556,-0.30560314655303955,-0.019918952137231827,0.285684198141098
s1238a,2,total_negative_slack_ns,192,-4.656373500823975,0.75995272397995,0.8534346222877502,-1.3239649534225464,-0.022326000034809113,-0.5050209164619446,0.2547438442707062,0.7597647309303284
s1488,2,total_negative_slack_ns,192,-4.358593940734863,1.3797250986099243,1.5215996503829956,-3.070791006088257,-0.3474990129470825,-1.3409546613693237,0.03877053037285805,1.3797250986099243
s5378,3,total_negative_slack_ns,192,-3.5235443115234375,0.22389797866344452,0.23715226352214813,-0.5261890292167664,-0.026570999994874,-0.1376672387123108,-0.35958632826805115,-0.22191905975341797
s1238,3,total_negative_slack_ns,192,-3.2129225730895996,0.5392792820930481,0.5967899560928345,-1.3080660104751587,-0.054361000657081604,-0.6376897096633911,-0.09865287691354752,0.5390368103981018
s13207a,5,total_negative_slack_ns,192,-3.000638008117676,0.055029720067977905,0.05761169642210007,-0.11797299981117249,0.0,-0.03936168923974037,-0.0705561712384224,-0.031194472685456276
s832,2,total_negative_slack_ns,192,-2.4473330974578857,0.32420551776885986,0.4119408428668976,-0.7806270122528076,-0.0004600000102072954,-0.1929394155740738,0.08200278878211975,0.27494221925735474
s15850,1,total_negative_slack_ns,192,-2.0602872371673584,0.16647525131702423,0.19691382348537445,-0.6172950267791748,-0.09925399720668793,-0.3188788592815399,-0.15801183879375458,0.16086702048778534
systemcdes,2,total_negative_slack_ns,192,-1.760680913925171,2.203477144241333,2.615171194076538,-5.402651786804199,-0.47061601281166077,-2.6155879497528076,-4.712029933929443,-2.0964419841766357
s5378a,2,total_negative_slack_ns,192,-1.1915392875671387,0.6331413388252258,0.8438078165054321,-2.157953977584839,-0.19798099994659424,-0.7666769027709961,-0.1601327359676361,0.6065441966056824
s344,2,total_negative_slack_ns,192,-1.086834192276001,0.5248163342475891,0.7043757438659668,-1.3589470386505127,-0.04116300120949745,-0.5115486979484558,-0.04318444803357124,0.46836426854133606
s832a,1,total_negative_slack_ns,192,-1.0681140422821045,0.3002525568008423,0.31906595826148987,-0.7806270122528076,-0.0004600000102072954,-0.1929394155740738,-0.4485454857349396,-0.255606085062027
ss_pcm,3,total_negative_slack_ns,192,-0.9689605236053467,2.5459866523742676,3.482083797454834,-8.161742210388184,-0.8455790281295776,-3.6769320964813232,-1.191571831703186,2.4853603839874268
s953,2,total_negative_slack_ns,192,-0.9620524644851685,0.763373613357544,1.0454262495040894,-2.0701820850372314,-0.08073800057172775,-0.752457857131958,-0.03728092834353447,0.7151769995689392
s444,2,total_negative_slack_ns,192,-0.9538842439651489,0.5388720631599426,0.7371608018875122,-1.3880929946899414,-0.036146000027656555,-0.49931514263153076,-0.0196272823959589,0.4796879291534424
s38584,2,total_negative_slack_ns,192,-0.9363441467285156,0.32656291127204895,0.43201494216918945,-1.2727450132369995,-0.03384900093078613,-0.41574108600616455,-0.18838952481746674,0.2273515909910202
s641,1,total_negative_slack_ns,192,-0.750029444694519,0.07095498591661453,0.08595314621925354,-0.3309299945831299,-0.06863299757242203,-0.17872382700443268,-0.21880020201206207,-0.040076375007629395
s1196a,5,total_negative_slack_ns,192,-0.6251670122146606,0.14042167365550995,0.19422069191932678,-0.574953019618988,-0.018559999763965607,-0.15119397640228271,-0.011505373753607273,0.13968859612941742
s713,5,total_negative_slack_ns,192,-0.5658010244369507,0.04067516699433327,0.050318643450737,-0.17412500083446503,-0.010545000433921814,-0.045111894607543945,-0.035484008491039276,0.009627881459891796
simple_spi,4,total_negative_slack_ns,192,-0.22443270683288574,1.644791603088379,2.4000821113586426,-6.410980224609375,-0.2992039918899536,-2.2733848094940186,-1.1522570848464966,1.121127724647522
s38417,3,total_negative_slack_ns,192,-0.21146011352539062,1.9123479127883911,2.9426064491271973,-9.465668678283691,-0.010869000107049942,-2.501450300216675,-1.1799871921539307,1.321462869644165
s38584a,1,total_negative_slack_ns,192,-0.1119922399520874,0.2905429005622864,0.32738468050956726,-1.2727450132369995,-0.03384900093078613,-0.41574108600616455,-0.5684244632720947,-0.1526833474636078
usb_phy,1,total_negative_slack_ns,192,-0.04378318786621094,1.796602725982666,2.3661348819732666,-6.3679399490356445,-0.1381099969148636,-2.2755179405212402,-1.622862458229065,0.6526556611061096
s35932,5,total_negative_slack_ns,192,0.01668095588684082,0.48995617032051086,0.6670694947242737,-3.4065608978271484,-0.14092999696731567,-0.9428141713142395,-0.9087294936180115,0.0340847373008728
s386,5,total_negative_slack_ns,192,0.018712103366851807,0.19391323626041412,0.2748138904571533,-0.9276419878005981,-0.16832800209522247,-0.4335278570652008,-0.3277558982372284,0.10577201098203659
s1196b,4,total_negative_slack_ns,192,0.019243478775024414,0.13450543582439423,0.1508784145116806,-0.574953019618988,-0.018559999763965607,-0.15119397640228271,-0.22831149399280548,-0.07711753249168396
s9234,4,total_negative_slack_ns,192,0.025125324726104736,0.5580831170082092,0.8300579190254211,-2.7595880031585693,-0.315869003534317,-1.0422183275222778,-0.797980010509491,0.2442382127046585
s400,4,total_negative_slack_ns,192,0.025988459587097168,0.38425275683403015,0.4042748510837555,-1.1162309646606445,-0.07655800133943558,-0.4380436837673187,-0.6068596839904785,-0.16881601512432098
s382,4,total_negative_slack_ns,192,0.04245495796203613,0.45070186257362366,0.47037896513938904,-1.3614929914474487,-0.006413999944925308,-0.398747056722641,-0.5743085741996765,-0.17556147277355194
s298,3,total_negative_slack_ns,192,0.07201379537582397,0.42732787132263184,0.45891693234443665,-1.2435330152511597,-0.02398199960589409,-0.45977625250816345,-0.6025230288505554,-0.14274677634239197
s9234a,3,total_negative_slack_ns,192,0.07365906238555908,0.472968727350235,0.654880166053772,-2.1383368968963623,-0.2587830126285553,-0.8293507099151611,-0.685758650302887,0.1435919851064682
s526,5,total_negative_slack_ns,192,0.07988923788070679,0.5023652911186218,0.6283074617385864,-1.7081999778747559,-0.03565499931573868,-0.6151630878448486,-0.5590806603431702,0.05608244612812996
s953a,1,total_negative_slack_ns,192,0.09098660945892334,0.5056969523429871,0.6427278518676758,-1.810181975364685,-0.02993299998342991,-0.6085281372070312,-0.5164469480514526,0.0920812264084816
s526a,4,total_negative_slack_ns,192,0.12332433462142944,0.5110853910446167,0.6329969763755798,-1.7524789571762085,-0.030247999355196953,-0.6210957765579224,-0.5853189826011658,0.03577685356140137
s510,1,total_negative_slack_ns,192,0.1274932622909546,0.26139938831329346,0.2829711437225342,-1.1210310459136963,-0.16986100375652313,-0.46743717789649963,-0.5664172768592834,-0.09898009151220322
s349,1,total_negative_slack_ns,192,0.1651814579963684,0.27419114112854004,0.32364821434020996,-1.09579598903656,-0.07422400265932083,-0.5136720538139343,-0.501336395740509,0.012335628271102905
s420,3,total_negative_slack_ns,192,0.17147570848464966,0.2961979806423187,0.3288361430168152,-1.1098300218582153,-0.17401200532913208,-0.516645610332489,-0.5828365683555603,-0.06619089841842651
s1196,1,total_negative_slack_ns,192,0.19717586040496826,0.13798435032367706,0.1817234307527542,-0.8009690046310425,-0.015194999985396862,-0.21612058579921722,-0.18614284694194794,0.02997773326933384
systemcdes,2,worst_slack_ns,192,-494.2489013671875,1.1850999593734741,1.186495065689087,-0.19953599572181702,-0.02419699914753437,-0.10393150895833969,1.081168532371521,1.1850999593734741
ss_pcm,3,worst_slack_ns,192,-285.4381103515625,0.6091336607933044,0.6103955507278442,-0.1350490003824234,-0.02133299969136715,-0.06501919776201248,-0.6741528511047363,-0.6091336607933044
i2c,2,worst_slack_ns,192,-213.9552764892578,0.5548405647277832,0.5565453171730042,-0.14041699469089508,-0.012420999817550182,-0.06348371505737305,0.49135684967041016,0.5548405647277832
usb_phy,1,worst_slack_ns,192,-29.69872283935547,0.18294622004032135,0.18603287637233734,-0.13095299899578094,-0.027442999184131622,-0.06421364098787308,-0.24715988337993622,-0.18294622004032135
s38417,3,worst_slack_ns,192,-18.416397094726562,0.14741353690624237,0.15192840993404388,-0.13478299975395203,-0.007984999567270279,-0.052268367260694504,-0.19968189299106598,-0.14741353690624237
s5378,3,worst_slack_ns,192,-9.684115409851074,0.05000727251172066,0.05362030491232872,-0.07589499652385712,-0.012528999708592892,-0.0359039343893528,-0.08591121435165405,-0.05000727251172066
s1423,4,worst_slack_ns,192,-6.249194145202637,0.0568261444568634,0.06071951240301132,-0.12927299737930298,-0.06098499894142151,-0.08553525060415268,-0.028709104284644127,0.0568261444568634
s15850,1,worst_slack_ns,192,-5.429467678070068,0.08372706919908524,0.09122351557016373,-0.268561989068985,-0.09925399720668793,-0.18739110231399536,-0.10374967008829117,0.0836414322257042
s13207a,5,worst_slack_ns,192,-3.9413557052612305,0.058121275156736374,0.06419842690229416,-0.11797299981117249,0.0032470000442117453,-0.039306845515966415,-0.09684727340936661,-0.05754043534398079
s344,2,worst_slack_ns,192,-3.3377246856689453,0.05030067637562752,0.060791995376348495,-0.11192899942398071,-0.01634499989449978,-0.06500737369060516,-0.015443113632500172,0.049564260989427567
s386,5,worst_slack_ns,192,-3.2114009857177734,0.05062589421868324,0.05826038494706154,-0.14009100198745728,-0.056981999427080154,-0.09299995750188828,-0.042374055832624435,0.05062589421868324
s1488,2,worst_slack_ns,192,-2.668494939804077,0.044565197080373764,0.056148745119571686,-0.15994800627231598,-0.04370800033211708,-0.09271470457315445,-0.04866352677345276,0.04405118152499199
s38584,2,worst_slack_ns,192,-2.1285572052001953,0.05363984778523445,0.06245347484946251,-0.20914900302886963,-0.022002000361680984,-0.11003443598747253,-0.15845613181591034,-0.048421695828437805
s1423a,3,worst_slack_ns,192,-2.0078911781311035,0.03204957768321037,0.035523876547813416,-0.13133099675178528,-0.06387799978256226,-0.08588534593582153,-0.11228456348180771,-0.026399223133921623
s820,4,worst_slack_ns,192,-1.926485538482666,0.023847049102187157,0.02749786712229252,-0.07603199779987335,-0.011938000097870827,-0.04151457920670509,-0.06414023786783218,-0.02262566238641739
s9234a,3,worst_slack_ns,192,-1.8495378494262695,0.040748197585344315,0.046575725078582764,-0.13097399473190308,-0.03951900079846382,-0.07529235631227493,-0.11034145951271057,-0.03504910320043564
s1196b,4,worst_slack_ns,192,-1.7999186515808105,0.02503468655049801,0.02704518288373947,-0.0760980024933815,-0.008476000279188156,-0.02949567697942257,-0.05119228735566139,-0.021696612238883972
s953,2,worst_slack_ns,192,-1.6643414497375488,0.04010194540023804,0.05703344941139221,-0.10880299657583237,-0.012807999737560749,-0.04998673498630524,-0.010448403656482697,0.03953833132982254
s1196a,5,worst_slack_ns,192,-1.6542267799377441,0.024465760216116905,0.026332145556807518,-0.0760980024933815,-0.008476000279188156,-0.02949567697942257,-0.04992184042930603,-0.020426161587238312
s713,5,worst_slack_ns,192,-1.4900975227355957,0.02901615761220455,0.03419644013047218,-0.08851400017738342,-0.010545000433921814,-0.03519425168633461,-0.06179860234260559,-0.02660434879362583
s5378a,2,worst_slack_ns,192,-1.3605833053588867,0.039507027715444565,0.05103452876210213,-0.15020400285720825,-0.027959000319242477,-0.07994841039180756,-0.046351999044418335,0.03359640762209892
s1196,1,worst_slack_ns,192,-1.0761847496032715,0.02564639411866665,0.0287032350897789,-0.08454299718141556,-0.005526000168174505,-0.03303388133645058,-0.05296943709254265,-0.019935553893446922
s838,5,worst_slack_ns,192,-1.0266594886779785,0.03448275849223137,0.03873281925916672,-0.10917499661445618,-0.014817999675869942,-0.057304829359054565,-0.0848492980003357,-0.027544474229216576
s444,2,worst_slack_ns,192,-0.9904205799102783,0.0348927266895771,0.04843442887067795,-0.10118100047111511,-0.01244600024074316,-0.047113969922065735,-0.020572440698742867,0.02654152549803257
s832,2,worst_slack_ns,192,-0.8977055549621582,0.024562552571296692,0.030302179977297783,-0.10171599686145782,-0.0004600000102072954,-0.03910867124795914,-0.025028450414538383,0.014080222696065903
s641,1,worst_slack_ns,192,-0.8903508186340332,0.02975381910800934,0.036068182438611984,-0.1423249989748001,-0.026892000809311867,-0.0766807273030281,-0.05259452387690544,0.02408619411289692
s420,3,worst_slack_ns,192,-0.8779611587524414,0.027465440332889557,0.03903234750032425,-0.12153399735689163,-0.04778899997472763,-0.07632818818092346,-0.05377845838665962,0.022549724206328392
s15850a,5,worst_slack_ns,192,-0.5886304378509521,0.038355037569999695,0.047254715114831924,-0.235152006149292,-0.08191999793052673,-0.15677477419376373,-0.1274784356355667,0.029296347871422768
simple_spi,4,worst_slack_ns,192,-0.5249247550964355,0.02916433848440647,0.040894556790590286,-0.12316499650478363,-0.023388000205159187,-0.06311898678541183,-0.03738858923316002,0.025730399414896965
s832a,1,worst_slack_ns,192,-0.49427998065948486,0.021018877625465393,0.026889048516750336,-0.10171599686145782,-0.0004600000102072954,-0.03910867124795914,-0.05441282317042351,-0.015304147265851498
s1238a,2,worst_slack_ns,192,-0.48882853984832764,0.03385923057794571,0.040169890969991684,-0.13731199502944946,-0.010224999859929085,-0.059914618730545044,-0.07547128945589066,-0.015556673519313335
s13207,1,worst_slack_ns,192,-0.48599255084991455,0.032740212976932526,0.034978121519088745,-0.1092969998717308,-0.009139999747276306,-0.04741794988512993,-0.06726261228322983,-0.01984466426074505
s820a,3,worst_slack_ns,192,-0.3846496343612671,0.015343795530498028,0.018914539366960526,-0.07603199779987335,-0.011938000097870827,-0.04151457920670509,-0.041366156190633774,0.0001484236418036744
s1238,3,worst_slack_ns,192,-0.3665813207626343,0.024309247732162476,0.030471155419945717,-0.13455399870872498,-0.013988000340759754,-0.0768962875008583,-0.0666593462228775,0.01023694034665823
s298,3,worst_slack_ns,192,-0.2748476266860962,0.032665375620126724,0.039405301213264465,-0.10268300026655197,-0.009801000356674194,-0.04540090635418892,-0.03593755513429642,0.009463352151215076
s27,4,worst_slack_ns,192,-0.17407608032226562,0.02752176858484745,0.029832856729626656,-0.08016499876976013,-0.009356999769806862,-0.0370590016245842,-0.05088331922888756,-0.013824318535625935
s953a,1,worst_slack_ns,192,-0.12080264091491699,0.03207967057824135,0.03534212335944176,-0.10006000101566315,-0.008967000059783459,-0.04312370717525482,-0.052893828600645065,-0.009770124219357967
s526,5,worst_slack_ns,192,-0.08777546882629395,0.03229139372706413,0.036572325974702835,-0.10246700048446655,-0.009278000332415104,-0.04581743851304054,-0.055264662951231,-0.00944722443819046
s510,1,worst_slack_ns,192,-0.08659970760345459,0.022759437561035156,0.028367415070533752,-0.12327700108289719,-0.040998999029397964,-0.0724184513092041,-0.0645885244011879,0.007829923182725906
s38584a,1,worst_slack_ns,192,-0.07196283340454102,0.030291350558400154,0.03655732795596123,-0.20914900302886963,-0.022002000361680984,-0.11003443598747253,-0.11232393980026245,-0.002289512427523732
s349,1,worst_slack_ns,192,-0.07039022445678711,0.02992594987154007,0.03469843044877052,-0.11010900139808655,-0.018800999969244003,-0.056499183177948,-0.050280485302209854,0.006218703929334879
s35932,5,worst_slack_ns,192,-0.05288839340209961,0.03777379170060158,0.04666895046830177,-0.21486100554466248,-0.0280930008739233,-0.0794745460152626,-0.0891089215874672,-0.009634371846914291
sasc,5,worst_slack_ns,192,-0.03225100040435791,0.02459695003926754,0.02845383994281292,-0.08620999753475189,-0.004478999879211187,-0.037959348410367966,-0.03954704478383064,-0.001587695092894137
s9234,4,worst_slack_ns,192,0.04195791482925415,0.027603665366768837,0.03204992040991783,-0.1494390070438385,-0.03534400090575218,-0.07669607549905777,-0.08383425325155258,-0.007138179149478674
s382,4,worst_slack_ns,192,0.04269444942474365,0.030244439840316772,0.03488977253437042,-0.09952399879693985,-0.0033140000887215137,-0.03997610881924629,-0.045150745660066605,-0.005174635443836451
s400,4,worst_slack_ns,192,0.04650616645812988,0.028504706919193268,0.03352591395378113,-0.10630299896001816,-0.017156999558210373,-0.05225867033004761,-0.04764657840132713,0.004612095654010773
s526a,4,worst_slack_ns,192,0.06000012159347534,0.029421532526612282,0.034239329397678375,-0.10379199683666229,-0.008104000240564346,-0.04444582760334015,-0.04704493656754494,-0.00259910780005157
